date	qpcr_plate	well	sample	isolate	biolog	ANI_group	microbox_batch	treatment	bio_rep	tech_rep	Cq	SQ_nguL	input_nguL	colonization
2023_12_04	plate_1	A01	SAI055_water_1	SAI055	yes	18	B	water	1	1	15.91	0.47	35.1	0.013390313
2023_12_04	plate_1	A02	SAI069_water_1	SAI069	yes	8	B	water	1	1	15.15	0.68	23.6	0.028813559
2023_12_04	plate_1	A03	SAI078_water_1	SAI078	yes	5	A	water	1	1	15.47	0.58	12.6	0.046031746
2023_12_04	plate_1	A04	SAI088_water_1	SAI088	yes	4	A	water	1	1	15.51	0.57	16.4	0.034756098
2023_12_04	plate_1	B01	SAI055_water_2	SAI055	yes	18	B	water	2	1	15.35	0.61	41.3	0.014769976
2023_12_04	plate_1	B02	SAI069_water_2	SAI069	yes	8	B	water	2	1	14.36	1	28	0.035714286
2023_12_04	plate_1	B03	SAI078_water_2	SAI078	yes	5	A	water	2	1	16.57	0.34	17.4	0.01954023
2023_12_04	plate_1	B04	SAI088_water_2	SAI088	yes	4	A	water	2	1	14.98	0.74	41.8	0.017703349
2023_12_04	plate_1	C01	SAI055_water_3	SAI055	yes	18	B	water	3	1	14.65	0.86	36	0.023888889
2023_12_04	plate_1	C02	SAI069_water_3	SAI069	yes	8	B	water	3	1	13.57	1.47	27.6	0.05326087
2023_12_04	plate_1	C03	SAI078_water_3	SAI078	yes	5	A	water	3	1	14.39	0.98	26.7	0.03670412
2023_12_04	plate_1	C04	SAI088_water_3	SAI088	yes	4	A	water	3	1	15.98	0.45	10.6	0.04245283
2023_12_04	plate_1	D01	SAI055_water_4	SAI055	yes	18	B	water	4	1	15.17	0.67	20.2	0.033168317
2023_12_04	plate_1	D02	SAI069_water_4	SAI069	yes	8	B	water	4	1	17.36	0.23	35.4	0.006497175
2023_12_04	plate_1	D03	SAI078_water_4	SAI078	yes	5	A	water	4	1	14.59	0.89	33.7	0.026409496
2023_12_04	plate_1	D04	SAI088_water_4	SAI088	yes	4	A	water	4	1	12.9	2.05	48	0.042708333
2023_12_04	plate_1	E01	SAI055_drought_1	SAI055	yes	18	B	drought	1	1	18.93	0.11	28.3	0.003886926
2023_12_04	plate_1	E02	SAI069_drought_1	SAI069	yes	8	B	drought	1	1	15.35	0.61	15	0.040666667
2023_12_04	plate_1	E03	SAI078_drought_1	SAI078	yes	5	A	drought	1	1	14.97	0.74	21.2	0.03490566
2023_12_04	plate_1	E04	SAI088_drought_1	SAI088	yes	4	A	drought	1	1	14.11	1.13	48.1	0.023492723
2023_12_04	plate_1	F01	SAI055_drought_2	SAI055	yes	18	B	drought	2	1	17.08	0.26	30.7	0.008469055
2023_12_04	plate_1	F02	SAI069_drought_2	SAI069	yes	8	B	drought	2	1	16.39	0.37	18.6	0.019892473
2023_12_04	plate_1	F03	SAI078_drought_2	SAI078	yes	5	A	drought	2	1	13.69	1.39	36.4	0.038186813
2023_12_04	plate_1	F04	SAI088_drought_2	SAI088	yes	4	A	drought	2	1	13.67	1.41	38.3	0.036814621
2023_12_04	plate_1	G01	SAI055_drought_3	SAI055	yes	18	B	drought	3	1	15.44	0.59	29.7	0.01986532
2023_12_04	plate_1	G02	SAI069_drought_3	SAI069	yes	8	B	drought	3	1	13.5	1.52	25.5	0.059607843
2023_12_04	plate_1	G03	SAI078_drought_3	SAI078	yes	5	A	drought	3	1	13.97	1.21	41.2	0.029368932
2023_12_04	plate_1	G04	SAI088_drought_3	SAI088	yes	4	A	drought	3	1	15.24	0.65	41.1	0.015815085
2023_12_04	plate_1	H01	SAI055_drought_4	SAI055	yes	18	B	drought	4	1	13.93	1.23	54.4	0.022610294
2023_12_04	plate_1	H02	SAI069_drought_4	SAI069	yes	8	B	drought	4	1	13.28	1.7	35.4	0.048022599
2023_12_04	plate_1	H03	SAI078_drought_4	SAI078	yes	5	A	drought	4	1	14.25	1.06	36.1	0.029362881
2023_12_04	plate_1	H04	SAI088_drought_4	SAI088	yes	4	A	drought	4	1	17.24	0.24	18.1	0.013259669
2024_10_24	plate_10	A01	SAI149_water_1	SAI149	no	15	E	water	1	1	13.12	2.79	15.5	0.18
2024_10_24	plate_10	A02	SAI149_water_1	SAI149	no	15	E	water	1	2	13.16	2.74	15.5	0.176774194
2024_10_24	plate_10	A03	SAI163_water_1	SAI163	no	4	E	water	1	1	12.84	3.28	11.1	0.295495495
2024_10_24	plate_10	A04	SAI163_water_1	SAI163	no	4	E	water	1	2	12.84	3.3	11.1	0.297297297
2024_10_24	plate_10	A05	SAI165_water_1	SAI165	no	4	E	water	1	1	12	5.35	19.3	0.277202073
2024_10_24	plate_10	A06	SAI165_water_1	SAI165	no	4	E	water	1	2	11.91	5.62	19.3	0.29119171
2024_10_24	plate_10	A07	SAI144_water_1	SAI144	no	14	F	water	1	1	13.48	2.27	13.2	0.171969697
2024_10_24	plate_10	A08	SAI144_water_1	SAI144	no	14	F	water	1	2	13.23	2.62	13.2	0.198484848
2024_10_24	plate_10	A09	SAI166_water_1	SAI166	no	4	F	water	1	1	15.4	0.75	15.2	0.049342105
2024_10_24	plate_10	A10	SAI166_water_1	SAI166	no	4	F	water	1	2	15.53	0.69	15.2	0.045394737
2024_10_24	plate_10	B01	SAI149_water_2	SAI149	no	15	E	water	2	1	10.86	10.35	27.4	0.377737226
2024_10_24	plate_10	B02	SAI149_water_2	SAI149	no	15	E	water	2	2	10.81	10.66	27.4	0.389051095
2024_10_24	plate_10	B03	SAI163_water_2	SAI163	no	4	E	water	2	1	13.04	2.92	11.3	0.25840708
2024_10_24	plate_10	B04	SAI163_water_2	SAI163	no	4	E	water	2	2	13.19	2.68	11.3	0.237168142
2024_10_24	plate_10	B05	SAI165_water_2	SAI165	no	4	E	water	2	1	14.35	1.37	16.8	0.081547619
2024_10_24	plate_10	B06	SAI165_water_2	SAI165	no	4	E	water	2	2	14.35	1.37	16.8	0.081547619
2024_10_24	plate_10	B07	SAI144_water_2	SAI144	no	14	F	water	2	1	12.29	4.51	22.1	0.204072398
2024_10_24	plate_10	B08	SAI144_water_2	SAI144	no	14	F	water	2	2	12.36	4.34	22.1	0.19638009
2024_10_24	plate_10	B09	SAI166_water_2	SAI166	no	4	F	water	2	1	11.96	5.47	26.2	0.208778626
2024_10_24	plate_10	B10	SAI166_water_2	SAI166	no	4	F	water	2	2	11.77	6.1	26.2	0.232824427
2024_10_24	plate_10	C01	SAI149_water_3	SAI149	no	15	E	water	3	1	12.98	3.04	17.1	0.177777778
2024_10_24	plate_10	C02	SAI149_water_3	SAI149	no	15	E	water	3	2	13.02	2.96	17.1	0.173099415
2024_10_24	plate_10	C03	SAI163_water_3	SAI163	no	4	E	water	3	1	13.11	2.81	17.9	0.15698324
2024_10_24	plate_10	C04	SAI163_water_3	SAI163	no	4	E	water	3	2	13.12	2.79	17.9	0.155865922
2024_10_24	plate_10	C05	SAI165_water_3	SAI165	no	4	E	water	3	1	13.74	1.95	13.9	0.14028777
2024_10_24	plate_10	C06	SAI165_water_3	SAI165	no	4	E	water	3	2	13.72	1.97	13.9	0.141726619
2024_10_24	plate_10	C07	SAI144_water_3	SAI144	no	14	F	water	3	1	11.64	6.6	21.5	0.306976744
2024_10_24	plate_10	C08	SAI144_water_3	SAI144	no	14	F	water	3	2	11.67	6.47	21.5	0.300930233
2024_10_24	plate_10	C09	SAI166_water_3	SAI166	no	4	F	water	3	1	11.6	6.72	24.7	0.272064777
2024_10_24	plate_10	C10	SAI166_water_3	SAI166	no	4	F	water	3	2	11.5	7.15	24.7	0.289473684
2024_10_24	plate_10	D01	SAI149_water_4	SAI149	no	15	E	water	4	1	12.72	3.52	16	0.22
2024_10_24	plate_10	D02	SAI149_water_4	SAI149	no	15	E	water	4	2	12.77	3.43	16	0.214375
2024_10_24	plate_10	D03	SAI163_water_4	SAI163	no	4	E	water	4	1	12.15	4.91	14.7	0.334013605
2024_10_24	plate_10	D04	SAI163_water_4	SAI163	no	4	E	water	4	2	12.2	4.75	14.7	0.323129252
2024_10_24	plate_10	D05	SAI165_water_4	SAI165	no	4	E	water	4	1	13.07	2.87	12.6	0.227777778
2024_10_24	plate_10	D06	SAI165_water_4	SAI165	no	4	E	water	4	2	13.14	2.76	12.6	0.219047619
2024_10_24	plate_10	D07	SAI144_water_4	SAI144	no	14	F	water	4	1	11.09	9.05	21.3	0.424882629
2024_10_24	plate_10	D08	SAI144_water_4	SAI144	no	14	F	water	4	2	11.04	9.34	21.3	0.438497653
2024_10_24	plate_10	D09	SAI166_water_4	SAI166	no	4	F	water	4	1	11.69	6.4	25.2	0.253968254
2024_10_24	plate_10	D10	SAI166_water_4	SAI166	no	4	F	water	4	2	11.6	6.74	25.2	0.267460317
2024_10_24	plate_10	E01	SAI149_drought_1	SAI149	no	15	E	drought	1	1	15	0.94	28.1	0.033451957
2024_10_24	plate_10	E02	SAI149_drought_1	SAI149	no	15	E	drought	1	2	14.98	0.95	28.1	0.033807829
2024_10_24	plate_10	E03	SAI163_drought_1	SAI163	no	4	E	drought	1	1	10.29	14.37	30.3	0.474257426
2024_10_24	plate_10	E04	SAI163_drought_1	SAI163	no	4	E	drought	1	2	10.27	14.58	30.3	0.481188119
2024_10_24	plate_10	E05	SAI165_drought_1	SAI165	no	4	E	drought	1	1	12.68	3.6	25.5	0.141176471
2024_10_24	plate_10	E06	SAI165_drought_1	SAI165	no	4	E	drought	1	2	12.8	3.36	25.5	0.131764706
2024_10_24	plate_10	E07	SAI144_drought_1	SAI144	no	14	F	drought	1	1	11.63	6.63	25.5	0.26
2024_10_24	plate_10	E08	SAI144_drought_1	SAI144	no	14	F	drought	1	2	11.56	6.88	25.5	0.269803922
2024_10_24	plate_10	E09	SAI166_drought_1	SAI166	no	4	F	drought	1	1	14.03	1.65	22.3	0.073991031
2024_10_24	plate_10	E10	SAI166_drought_1	SAI166	no	4	F	drought	1	2	14.06	1.62	22.3	0.07264574
2024_10_24	plate_10	F01	SAI149_drought_2	SAI149	no	15	E	drought	2	1	11.69	6.4	25.3	0.252964427
2024_10_24	plate_10	F02	SAI149_drought_2	SAI149	no	15	E	drought	2	2	11.74	6.22	25.3	0.245849802
2024_10_24	plate_10	F03	SAI163_drought_2	SAI163	no	4	E	drought	2	1	13.01	2.97	18.8	0.157978723
2024_10_24	plate_10	F04	SAI163_drought_2	SAI163	no	4	E	drought	2	2	13.12	2.79	18.8	0.148404255
2024_10_24	plate_10	F05	SAI165_drought_2	SAI165	no	4	E	drought	2	1	12.36	4.35	19.4	0.224226804
2024_10_24	plate_10	F06	SAI165_drought_2	SAI165	no	4	E	drought	2	2	12.28	4.54	19.4	0.234020619
2024_10_24	plate_10	F07	SAI144_drought_2	SAI144	no	14	F	drought	2	1	11.51	7.1	24.5	0.289795918
2024_10_24	plate_10	F08	SAI144_drought_2	SAI144	no	14	F	drought	2	2	11.21	8.47	24.5	0.345714286
2024_10_24	plate_10	F09	SAI166_drought_2	SAI166	no	4	F	drought	2	1	12.12	4.98	37.5	0.1328
2024_10_24	plate_10	F10	SAI166_drought_2	SAI166	no	4	F	drought	2	2	12.37	4.32	37.5	0.1152
2024_10_24	plate_10	G01	SAI149_drought_3	SAI149	no	15	E	drought	3	1	12.54	3.91	28.3	0.138162544
2024_10_24	plate_10	G02	SAI149_drought_3	SAI149	no	15	E	drought	3	2	12.57	3.85	28.3	0.136042403
2024_10_24	plate_10	G03	SAI163_drought_3	SAI163	no	4	E	drought	3	1	11.57	6.86	25.9	0.264864865
2024_10_24	plate_10	G04	SAI163_drought_3	SAI163	no	4	E	drought	3	2	11.55	6.94	25.9	0.267953668
2024_10_24	plate_10	G05	SAI165_drought_3	SAI165	no	4	E	drought	3	1	13.7	1.99	24.7	0.080566802
2024_10_24	plate_10	G06	SAI165_drought_3	SAI165	no	4	E	drought	3	2	13.67	2.03	24.7	0.082186235
2024_10_24	plate_10	G07	SAI144_drought_3	SAI144	no	14	F	drought	3	1	10.03	16.71	36.8	0.454076087
2024_10_24	plate_10	G08	SAI144_drought_3	SAI144	no	14	F	drought	3	2	9.98	17.22	36.8	0.467934783
2024_10_24	plate_10	G09	SAI166_drought_3	SAI166	no	4	F	drought	3	1	12.6	3.79	36.3	0.104407713
2024_10_24	plate_10	G10	SAI166_drought_3	SAI166	no	4	F	drought	3	2	12.62	3.74	36.3	0.103030303
2024_10_24	plate_10	H01	SAI149_drought_4	SAI149	no	15	E	drought	4	1	13.12	2.8	29.8	0.093959732
2024_10_24	plate_10	H02	SAI149_drought_4	SAI149	no	15	E	drought	4	2	13.1	2.82	29.8	0.094630872
2024_10_24	plate_10	H03	SAI163_drought_4	SAI163	no	4	E	drought	4	1	9.85	18.53	29.5	0.628135593
2024_10_24	plate_10	H04	SAI163_drought_4	SAI163	no	4	E	drought	4	2	9.84	18.69	29.5	0.633559322
2024_10_24	plate_10	H05	SAI165_drought_4	SAI165	no	4	E	drought	4	1	14.56	1.21	23.6	0.051271186
2024_10_24	plate_10	H06	SAI165_drought_4	SAI165	no	4	E	drought	4	2	14.55	1.22	23.6	0.051694915
2024_10_24	plate_10	H07	SAI144_drought_4	SAI144	no	14	F	drought	4	1	11.75	6.18	10.5	0.588571429
2024_10_24	plate_10	H08	SAI144_drought_4	SAI144	no	14	F	drought	4	2	11.64	6.6	10.5	0.628571429
2024_10_24	plate_10	H09	SAI166_drought_4	SAI166	no	4	F	drought	4	1	13.19	2.68	28.9	0.092733564
2024_10_24	plate_10	H10	SAI166_drought_4	SAI166	no	4	F	drought	4	2	13.25	2.59	28.9	0.089619377
2024_10_25A	plate_11	A01	SAI211_water_1	SAI211	no	0	G	water	1	1	13.43	1.87	10.5	0.178095238
2024_10_25A	plate_11	A02	SAI211_water_1	SAI211	no	0	G	water	1	2	13.24	2.08	10.5	0.198095238
2024_10_25A	plate_11	A03	SAI218_water_1	SAI218	no	16	G	water	1	1	12.48	3.11	17.1	0.181871345
2024_10_25A	plate_11	A04	SAI218_water_1	SAI218	no	16	G	water	1	2	12.47	3.12	17.1	0.18245614
2024_10_25A	plate_11	B01	SAI211_water_2	SAI211	no	0	G	water	2	1	14.19	1.25	14.4	0.086805556
2024_10_25A	plate_11	B02	SAI211_water_2	SAI211	no	0	G	water	2	2	14.39	1.13	14.4	0.078472222
2024_10_25A	plate_11	B03	SAI218_water_2	SAI218	no	16	G	water	2	1	12.61	2.9	21	0.138095238
2024_10_25A	plate_11	B04	SAI218_water_2	SAI218	no	16	G	water	2	2	12.62	2.88	21	0.137142857
2024_10_25A	plate_11	C01	SAI211_water_3	SAI211	no	0	G	water	3	1	12.71	2.75	12.7	0.216535433
2024_10_25A	plate_11	C02	SAI211_water_3	SAI211	no	0	G	water	3	2	12.71	2.75	12.7	0.216535433
2024_10_25A	plate_11	C03	SAI218_water_3	SAI218	no	16	G	water	3	1	10.81	7.54	26.3	0.286692015
2024_10_25A	plate_11	C04	SAI218_water_3	SAI218	no	16	G	water	3	2	10.86	7.37	26.3	0.280228137
2024_10_25A	plate_11	D01	SAI211_water_4	SAI211	no	0	G	water	4	1	13.2	2.12	18.2	0.116483516
2024_10_25A	plate_11	D02	SAI211_water_4	SAI211	no	0	G	water	4	2	13.08	2.26	18.2	0.124175824
2024_10_25A	plate_11	D03	SAI218_water_4	SAI218	no	16	G	water	4	1	14.28	1.2	16.1	0.074534161
2024_10_25A	plate_11	D04	SAI218_water_4	SAI218	no	16	G	water	4	2	14.13	1.29	16.1	0.080124224
2024_10_25A	plate_11	E01	SAI211_drought_1	SAI211	no	0	G	drought	1	1	15.9	0.5	22.4	0.022321429
2024_10_25A	plate_11	E02	SAI211_drought_1	SAI211	no	0	G	drought	1	2	15.83	0.52	22.4	0.023214286
2024_10_25A	plate_11	E03	SAI218_drought_1	SAI218	no	16	G	drought	1	1	11.33	5.72	27.5	0.208
2024_10_25A	plate_11	E04	SAI218_drought_1	SAI218	no	16	G	drought	1	2	11.4	5.51	27.5	0.200363636
2024_10_25A	plate_11	F01	SAI211_drought_2	SAI211	no	0	G	drought	2	1	14.3	1.18	24	0.049166667
2024_10_25A	plate_11	F02	SAI211_drought_2	SAI211	no	0	G	drought	2	2	14.29	1.19	24	0.049583333
2024_10_25A	plate_11	F03	SAI218_drought_2	SAI218	no	16	G	drought	2	1	12.08	3.85	25.3	0.152173913
2024_10_25A	plate_11	F04	SAI218_drought_2	SAI218	no	16	G	drought	2	2	12	4.01	25.3	0.158498024
2024_10_25A	plate_11	G01	SAI211_drought_3	SAI211	no	0	G	drought	3	1	12.34	3.34	26.3	0.126996198
2024_10_25A	plate_11	G02	SAI211_drought_3	SAI211	no	0	G	drought	3	2	12.12	3.77	26.3	0.143346008
2024_10_25A	plate_11	G03	SAI218_drought_3	SAI218	no	16	G	drought	3	1	13.27	2.04	26.5	0.076981132
2024_10_25A	plate_11	G04	SAI218_drought_3	SAI218	no	16	G	drought	3	2	13.14	2.18	26.5	0.082264151
2024_10_25A	plate_11	H01	SAI211_drought_4	SAI211	no	0	G	drought	4	1	13.73	1.59	24.3	0.065432099
2024_10_25A	plate_11	H02	SAI211_drought_4	SAI211	no	0	G	drought	4	2	13.26	2.05	24.3	0.08436214
2024_10_25A	plate_11	H03	SAI218_drought_4	SAI218	no	16	G	drought	4	1	15.38	0.66	21.7	0.030414747
2024_10_25A	plate_11	H04	SAI218_drought_4	SAI218	no	16	G	drought	4	2	15.38	0.66	21.7	0.030414747
2024_10_25B	plate_12	A01	SAI168_water_1	SAI168	no	16	F	water	1	1	12.7	3.11	20.7	0.150241546
2024_10_25B	plate_12	A02	SAI168_water_1	SAI168	no	16	F	water	1	2	12.7	3.11	20.7	0.150241546
2024_10_25B	plate_12	A03	SAI190_water_1	SAI190	no	0	F	water	1	1	11.67	5.53	20.3	0.272413793
2024_10_25B	plate_12	A04	SAI190_water_1	SAI190	no	0	F	water	1	2	11.64	5.61	20.3	0.27635468
2024_10_25B	plate_12	A05	SAI195_water_1	SAI195	no	4	F	water	1	1	17.16	0.26	12.2	0.021311475
2024_10_25B	plate_12	A06	SAI195_water_1	SAI195	no	4	F	water	1	2	17.04	0.28	12.2	0.02295082
2024_10_25B	plate_12	A07	SAI173_water_1	SAI173	no	8	G	water	1	1	12.02	4.53	34.3	0.132069971
2024_10_25B	plate_12	A08	SAI173_water_1	SAI173	no	8	G	water	1	2	12.08	4.39	34.3	0.127988338
2024_10_25B	plate_12	A09	SAI175_water_1	SAI175	no	21	G	water	1	1	12.9	2.79	26.4	0.105681818
2024_10_25B	plate_12	A10	SAI175_water_1	SAI175	no	21	G	water	1	2	13.12	2.47	26.4	0.093560606
2024_10_25B	plate_12	B01	SAI168_water_2	SAI168	no	16	F	water	2	1	11.1	7.57	24.9	0.304016064
2024_10_25B	plate_12	B02	SAI168_water_2	SAI168	no	16	F	water	2	2	11.04	7.83	24.9	0.314457831
2024_10_25B	plate_12	B03	SAI190_water_2	SAI190	no	0	F	water	2	1	11.68	5.49	20.8	0.263942308
2024_10_25B	plate_12	B04	SAI190_water_2	SAI190	no	0	F	water	2	2	11.66	5.54	20.8	0.266346154
2024_10_25B	plate_12	B05	SAI195_water_2	SAI195	no	4	F	water	2	1	10.75	9.19	26.8	0.342910448
2024_10_25B	plate_12	B06	SAI195_water_2	SAI195	no	4	F	water	2	2	10.73	9.32	26.8	0.347761194
2024_10_25B	plate_12	B07	SAI173_water_2	SAI173	no	8	G	water	2	1	11.63	5.63	33.9	0.166076696
2024_10_25B	plate_12	B08	SAI173_water_2	SAI173	no	8	G	water	2	2	11.68	5.49	33.9	0.161946903
2024_10_25B	plate_12	B09	SAI175_water_2	SAI175	no	21	G	water	2	1	12.4	3.68	26	0.141538462
2024_10_25B	plate_12	B10	SAI175_water_2	SAI175	no	21	G	water	2	2	12.3	3.89	26	0.149615385
2024_10_25B	plate_12	C01	SAI168_water_3	SAI168	no	16	F	water	3	1	13.49	2	16.4	0.12195122
2024_10_25B	plate_12	C02	SAI168_water_3	SAI168	no	16	F	water	3	2	13.5	1.99	16.4	0.121341463
2024_10_25B	plate_12	C03	SAI190_water_3	SAI190	no	0	F	water	3	1	11.31	6.76	24	0.281666667
2024_10_25B	plate_12	C04	SAI190_water_3	SAI190	no	0	F	water	3	2	11.23	7.03	24	0.292916667
2024_10_25B	plate_12	C05	SAI195_water_3	SAI195	no	4	F	water	3	1	11.67	5.51	22	0.250454545
2024_10_25B	plate_12	C06	SAI195_water_3	SAI195	no	4	F	water	3	2	11.7	5.42	22	0.246363636
2024_10_25B	plate_12	C07	SAI173_water_3	SAI173	no	8	G	water	3	1	11.04	7.82	30.3	0.258085809
2024_10_25B	plate_12	C08	SAI173_water_3	SAI173	no	8	G	water	3	2	11.09	7.62	30.3	0.251485149
2024_10_25B	plate_12	C09	SAI175_water_3	SAI175	no	21	G	water	3	1	12.61	3.27	23.9	0.136820084
2024_10_25B	plate_12	C10	SAI175_water_3	SAI175	no	21	G	water	3	2	12.67	3.16	23.9	0.132217573
2024_10_25B	plate_12	D01	SAI168_water_4	SAI168	no	16	F	water	4	1	11.86	4.97	18.2	0.273076923
2024_10_25B	plate_12	D02	SAI168_water_4	SAI168	no	16	F	water	4	2	11.75	5.27	18.2	0.28956044
2024_10_25B	plate_12	D03	SAI190_water_4	SAI190	no	0	F	water	4	1	12.72	3.07	21.5	0.142790698
2024_10_25B	plate_12	D04	SAI190_water_4	SAI190	no	0	F	water	4	2	12.78	2.97	21.5	0.138139535
2024_10_25B	plate_12	D05	SAI195_water_4	SAI195	no	4	F	water	4	1	10.87	8.59	26.9	0.319330855
2024_10_25B	plate_12	D06	SAI195_water_4	SAI195	no	4	F	water	4	2	10.88	8.58	26.9	0.318959108
2024_10_25B	plate_12	D07	SAI173_water_4	SAI173	no	8	G	water	4	1	11.75	5.28	32.5	0.162461538
2024_10_25B	plate_12	D08	SAI173_water_4	SAI173	no	8	G	water	4	2	11.82	5.09	32.5	0.156615385
2024_10_25B	plate_12	D09	SAI175_water_4	SAI175	no	21	G	water	4	1	12.47	3.53	26.4	0.133712121
2024_10_25B	plate_12	D10	SAI175_water_4	SAI175	no	21	G	water	4	2	12.38	3.71	26.4	0.140530303
2024_10_25B	plate_12	E01	SAI168_drought_1	SAI168	no	16	F	drought	1	1	13.58	1.91	24.1	0.079253112
2024_10_25B	plate_12	E02	SAI168_drought_1	SAI168	no	16	F	drought	1	2	13.45	2.05	24.1	0.085062241
2024_10_25B	plate_12	E03	SAI190_drought_1	SAI190	no	0	F	drought	1	1	14.37	1.23	22.7	0.054185022
2024_10_25B	plate_12	E04	SAI190_drought_1	SAI190	no	0	F	drought	1	2	14.29	1.29	22.7	0.056828194
2024_10_25B	plate_12	E05	SAI195_drought_1	SAI195	no	4	F	drought	1	1	15.55	0.64	21.3	0.030046948
2024_10_25B	plate_12	E06	SAI195_drought_1	SAI195	no	4	F	drought	1	2	15.47	0.67	21.3	0.031455399
2024_10_25B	plate_12	E07	SAI173_drought_1	SAI173	no	8	G	drought	1	1	14.6	1.08	25.9	0.041698842
2024_10_25B	plate_12	E08	SAI173_drought_1	SAI173	no	8	G	drought	1	2	14.55	1.11	25.9	0.042857143
2024_10_25B	plate_12	E09	SAI175_drought_1	SAI175	no	21	G	drought	1	1	15.15	0.8	24.3	0.032921811
2024_10_25B	plate_12	E10	SAI175_drought_1	SAI175	no	21	G	drought	1	2	15.46	0.67	24.3	0.027572016
2024_10_25B	plate_12	F01	SAI168_drought_2	SAI168	no	16	F	drought	2	1	11.47	6.16	35.7	0.17254902
2024_10_25B	plate_12	F02	SAI168_drought_2	SAI168	no	16	F	drought	2	2	11.49	6.12	35.7	0.171428571
2024_10_25B	plate_12	F03	SAI190_drought_2	SAI190	no	0	F	drought	2	1	13.15	2.42	24.4	0.099180328
2024_10_25B	plate_12	F04	SAI190_drought_2	SAI190	no	0	F	drought	2	2	13.18	2.38	24.4	0.097540984
2024_10_25B	plate_12	F05	SAI195_drought_2	SAI195	no	4	F	drought	2	1	11.21	7.14	32.6	0.219018405
2024_10_25B	plate_12	F06	SAI195_drought_2	SAI195	no	4	F	drought	2	2	11.28	6.86	32.6	0.210429448
2024_10_25B	plate_12	F07	SAI173_drought_2	SAI173	no	8	G	drought	2	1	13.29	2.24	23.5	0.095319149
2024_10_25B	plate_12	F08	SAI173_drought_2	SAI173	no	8	G	drought	2	2	13.18	2.38	23.5	0.101276596
2024_10_25B	plate_12	F09	SAI175_drought_2	SAI175	no	21	G	drought	2	1	12.65	3.2	33.3	0.096096096
2024_10_25B	plate_12	F10	SAI175_drought_2	SAI175	no	21	G	drought	2	2	12.65	3.2	33.3	0.096096096
2024_10_25B	plate_12	G01	SAI168_drought_3	SAI168	no	16	F	drought	3	1	11.95	4.72	35.2	0.134090909
2024_10_25B	plate_12	G02	SAI168_drought_3	SAI168	no	16	F	drought	3	2	11.82	5.08	35.2	0.144318182
2024_10_25B	plate_12	G03	SAI190_drought_3	SAI190	no	0	F	drought	3	1	15.93	0.52	20.6	0.025242718
2024_10_25B	plate_12	G04	SAI190_drought_3	SAI190	no	0	F	drought	3	2	15.91	0.52	20.6	0.025242718
2024_10_25B	plate_12	G05	SAI195_drought_3	SAI195	no	4	F	drought	3	1	9.88	14.93	44.8	0.333258929
2024_10_25B	plate_12	G06	SAI195_drought_3	SAI195	no	4	F	drought	3	2	9.99	14.08	44.8	0.314285714
2024_10_25B	plate_12	G07	SAI173_drought_3	SAI173	no	8	G	drought	3	1	12.95	2.7	33.6	0.080357143
2024_10_25B	plate_12	G08	SAI173_drought_3	SAI173	no	8	G	drought	3	2	13.83	1.66	33.6	0.049404762
2024_10_25B	plate_12	G09	SAI175_drought_3	SAI175	no	21	G	drought	3	1	13.03	2.58	32.2	0.080124224
2024_10_25B	plate_12	G10	SAI175_drought_3	SAI175	no	21	G	drought	3	2	13.07	2.53	32.2	0.078571429
2024_10_25B	plate_12	H01	SAI168_drought_4	SAI168	no	16	F	drought	4	1	11.66	5.54	28	0.197857143
2024_10_25B	plate_12	H02	SAI168_drought_4	SAI168	no	16	F	drought	4	2	12.06	4.45	28	0.158928571
2024_10_25B	plate_12	H03	SAI190_drought_4	SAI190	no	0	F	drought	4	1	15.61	0.62	25.8	0.024031008
2024_10_25B	plate_12	H04	SAI190_drought_4	SAI190	no	0	F	drought	4	2	15.6	0.62	25.8	0.024031008
2024_10_25B	plate_12	H05	SAI195_drought_4	SAI195	no	4	F	drought	4	1	13.73	1.75	27.6	0.063405797
2024_10_25B	plate_12	H06	SAI195_drought_4	SAI195	no	4	F	drought	4	2	13.75	1.73	27.6	0.062681159
2024_10_25B	plate_12	H07	SAI173_drought_4	SAI173	no	8	G	drought	4	1	13.55	1.94	28.4	0.068309859
2024_10_25B	plate_12	H08	SAI173_drought_4	SAI173	no	8	G	drought	4	2	13.52	1.97	28.4	0.069366197
2024_10_25B	plate_12	H09	SAI175_drought_4	SAI175	no	21	G	drought	4	1	12.63	3.24	31	0.104516129
2024_10_25B	plate_12	H10	SAI175_drought_4	SAI175	no	21	G	drought	4	2	12.66	3.18	31	0.102580645
2023_12_05	plate_2	A01	SAI097_water_1	SAI097	yes	15	A	water	1	1	12.93	3.21	50.4	0.063690476
2023_12_05	plate_2	A02	SAI127_water_1	SAI127	yes	14	A	water	1	1	15.5	0.89	32.3	0.02755418
2023_12_05	plate_2	A03	SAI129_water_1	SAI129	yes	3	B	water	1	1	17.16	0.39	24.4	0.015983607
2023_12_05	plate_2	A04	SAI142_water_1	SAI142	yes	12	B	water	1	1	12.63	3.72	23.6	0.157627119
2023_12_05	plate_2	B01	SAI097_water_2	SAI097	yes	15	A	water	2	1	15.08	1.09	31.2	0.034935897
2023_12_05	plate_2	B02	SAI127_water_2	SAI127	yes	14	A	water	2	1	14.94	1.17	37.9	0.030870712
2023_12_05	plate_2	B03	SAI129_water_2	SAI129	yes	3	B	water	2	1	13.67	2.22	38.6	0.057512953
2023_12_05	plate_2	B04	SAI142_water_2	SAI142	yes	12	B	water	2	1	12.64	3.7	32.1	0.115264798
2023_12_05	plate_2	C01	SAI097_water_3	SAI097	yes	15	A	water	3	1	13.55	2.35	24.3	0.096707819
2023_12_05	plate_2	C02	SAI127_water_3	SAI127	yes	14	A	water	3	1	14.3	1.62	45.5	0.035604396
2023_12_05	plate_2	C03	SAI129_water_3	SAI129	yes	3	B	water	3	1	12.74	3.52	44.8	0.078571429
2023_12_05	plate_2	C04	SAI142_water_3	SAI142	yes	12	B	water	3	1	12.37	4.24	36.7	0.115531335
2023_12_05	plate_2	D01	SAI097_water_4	SAI097	yes	15	A	water	4	1	13.39	2.54	77.7	0.032689833
2023_12_05	plate_2	D02	SAI127_water_4	SAI127	yes	14	A	water	4	1	17.6	0.31	26	0.011923077
2023_12_05	plate_2	D03	SAI129_water_4	SAI129	yes	3	B	water	4	1	15.27	0.99	59.1	0.016751269
2023_12_05	plate_2	D04	SAI142_water_4	SAI142	yes	12	B	water	4	1	14.88	1.21	27	0.044814815
2023_12_05	plate_2	E01	SAI097_drought_1	SAI097	yes	15	A	drought	1	1	13.19	2.81	16.5	0.17030303
2023_12_05	plate_2	E02	SAI127_drought_1	SAI127	yes	14	A	drought	1	1	14.71	1.32	43.2	0.030555556
2023_12_05	plate_2	E03	SAI129_drought_1	SAI129	yes	3	B	drought	1	1	16.26	0.6	9.62	0.062370062
2023_12_05	plate_2	E04	SAI142_drought_1	SAI142	yes	12	B	drought	1	1	13.09	2.96	8.26	0.358353511
2023_12_05	plate_2	F01	SAI097_drought_2	SAI097	yes	15	A	drought	2	1	13.24	2.74	8.22	0.333333333
2023_12_05	plate_2	F02	SAI127_drought_2	SAI127	yes	14	A	drought	2	1	14.3	1.61	23.2	0.069396552
2023_12_05	plate_2	F03	SAI129_drought_2	SAI129	yes	3	B	drought	2	1	14.88	1.21	15.5	0.078064516
2023_12_05	plate_2	F04	SAI142_drought_2	SAI142	yes	12	B	drought	2	1	12.58	3.81	11.9	0.320168067
2023_12_05	plate_2	G01	SAI097_drought_3	SAI097	yes	15	A	drought	3	1	12.61	3.77	22.1	0.170588235
2023_12_05	plate_2	G02	SAI127_drought_3	SAI127	yes	14	A	drought	3	1	13.72	2.16	28.8	0.075
2023_12_05	plate_2	G03	SAI129_drought_3	SAI129	yes	3	B	drought	3	1	14.57	1.41	31.2	0.045192308
2023_12_05	plate_2	G04	SAI142_drought_3	SAI142	yes	12	B	drought	3	1	12.84	3.35	19.9	0.168341709
2023_12_05	plate_2	H01	SAI097_drought_4	SAI097	yes	15	A	drought	4	1	12.99	3.1	38.9	0.079691517
2023_12_05	plate_2	H02	SAI127_drought_4	SAI127	yes	14	A	drought	4	1	13.03	3.05	20.6	0.148058252
2023_12_05	plate_2	H03	SAI129_drought_4	SAI129	yes	3	B	drought	4	1	18.85	0.17	26.6	0.006390977
2023_12_05	plate_2	H04	SAI142_drought_4	SAI142	yes	12	B	drought	4	1	12.59	3.8	34.1	0.11143695
2023_12_12A	plate_3	A01 	SAI145_water_1	SAI145	yes	13	B	water	1	1	11.9	5.65	48.5	0.116494845
2023_12_12A	plate_3	A02 	SAI145_water_1	SAI145	yes	13	B	water	1	2	11.71	6.2	48.5	0.127835052
2023_12_12A	plate_3	A03 	SAI182_water_1	SAI182	yes	17	B	water	1	1	12.47	2.81	43	0.065348837
2023_12_12A	plate_3	A04 	SAI182_water_1	SAI182	yes	17	B	water	1	2	12.49	2.77	43	0.064418605
2023_12_12A	plate_3	A05 	SAI186_water_1	SAI186	yes	7	A	water	1	1	15	0.81	22.6	0.035840708
2023_12_12A	plate_3	A06 	SAI186_water_1	SAI186	yes	7	A	water	1	2	15.09	0.78	22.6	0.034513274
2023_12_12A	plate_3	A07 	SAI205_water_1	SAI205	yes	21	B	water	1	1	13.27	1.85	18.1	0.102209945
2023_12_12A	plate_3	A08 	SAI205_water_1	SAI205	yes	21	B	water	1	2	13.22	1.88	18.1	0.103867403
2023_12_12A	plate_3	B01 	SAI145_water_2	SAI145	yes	13	B	water	2	1	11.91	5.63	41.2	0.136650485
2023_12_12A	plate_3	B02 	SAI145_water_2	SAI145	yes	13	B	water	2	2	12.07	5.19	41.2	0.125970874
2023_12_12A	plate_3	B03 	SAI182_water_2	SAI182	yes	17	B	water	2	1	13.47	1.64	30.2	0.054304636
2023_12_12A	plate_3	B04 	SAI182_water_2	SAI182	yes	17	B	water	2	2	13.66	1.48	30.2	0.049006623
2023_12_12A	plate_3	B05 	SAI186_water_2	SAI186	yes	7	A	water	2	1	16.42	0.41	10.8	0.037962963
2023_12_12A	plate_3	B06 	SAI186_water_2	SAI186	yes	7	A	water	2	2	16.27	0.44	10.8	0.040740741
2023_12_12A	plate_3	B07 	SAI205_water_2	SAI205	yes	21	B	water	2	1	12.57	2.54	23.6	0.107627119
2023_12_12A	plate_3	B08 	SAI205_water_2	SAI205	yes	21	B	water	2	2	12.61	2.49	23.6	0.105508475
2023_12_12A	plate_3	C01 	SAI145_water_3	SAI145	yes	13	B	water	3	1	11.96	5.48	45.5	0.12043956
2023_12_12A	plate_3	C02 	SAI145_water_3	SAI145	yes	13	B	water	3	2	11.98	5.43	45.5	0.119340659
2023_12_12A	plate_3	C03 	SAI182_water_3	SAI182	yes	17	B	water	3	1	12.68	2.51	26.8	0.093656716
2023_12_12A	plate_3	C04 	SAI182_water_3	SAI182	yes	17	B	water	3	2	12.59	2.62	26.8	0.097761194
2023_12_12A	plate_3	C05 	SAI186_water_3	SAI186	yes	7	A	water	3	1	15.31	0.7	45	0.015555556
2023_12_12A	plate_3	C06 	SAI186_water_3	SAI186	yes	7	A	water	3	2	15.32	0.7	45	0.015555556
2023_12_12A	plate_3	C07 	SAI205_water_3	SAI205	yes	21	B	water	3	1	13.07	2.02	25.4	0.079527559
2023_12_12A	plate_3	C08 	SAI205_water_3	SAI205	yes	21	B	water	3	2	12.98	2.1	25.4	0.082677165
2023_12_12A	plate_3	D01 	SAI145_water_4	SAI145	yes	13	B	water	4	1	14.13	1.89	29.2	0.064726027
2023_12_12A	plate_3	D02 	SAI145_water_4	SAI145	yes	13	B	water	4	2	14.18	1.85	29.2	0.063356164
2023_12_12A	plate_3	D03 	SAI182_water_4	SAI182	yes	17	B	water	4	1	14.35	1.03	33	0.031212121
2023_12_12A	plate_3	D04 	SAI182_water_4	SAI182	yes	17	B	water	4	2	14.38	1.01	33	0.030606061
2023_12_12A	plate_3	D05 	SAI186_water_4	SAI186	yes	7	A	water	4	1	15.05	0.79	29.7	0.026599327
2023_12_12A	plate_3	D06 	SAI186_water_4	SAI186	yes	7	A	water	4	2	15.02	0.8	29.7	0.026936027
2023_12_12A	plate_3	D07 	SAI205_water_4	SAI205	yes	21	B	water	4	1	15.77	0.59	16.5	0.035757576
2023_12_12A	plate_3	D08 	SAI205_water_4	SAI205	yes	21	B	water	4	2	15.83	0.57	16.5	0.034545455
2023_12_12A	plate_3	E01 	SAI145_drought_1	SAI145	yes	13	B	drought	1	1	11.62	6.47	43.9	0.14738041
2023_12_12A	plate_3	E02 	SAI145_drought_1	SAI145	yes	13	B	drought	1	2	11.69	6.26	43.9	0.142596811
2023_12_12A	plate_3	E03 	SAI182_drought_1	SAI182	yes	17	B	drought	1	1	13.32	1.78	16.8	0.105952381
2023_12_12A	plate_3	E04 	SAI182_drought_1	SAI182	yes	17	B	drought	1	2	13.3	1.79	16.8	0.106547619
2023_12_12A	plate_3	E05 	SAI186_drought_1	SAI186	yes	7	A	drought	1	1	12.7	2.4	16.4	0.146341463
2023_12_12A	plate_3	E06 	SAI186_drought_1	SAI186	yes	7	A	drought	1	2	12.67	2.44	16.4	0.148780488
2023_12_12A	plate_3	E07 	SAI205_drought_1	SAI205	yes	21	B	drought	1	1	14.56	1.03	25.8	0.039922481
2023_12_12A	plate_3	E08 	SAI205_drought_1	SAI205	yes	21	B	drought	1	2	14.58	1.02	25.8	0.039534884
2023_12_12A	plate_3	F01 	SAI145_drought_2	SAI145	yes	13	B	drought	2	1	14.22	1.81	15.5	0.116774194
2023_12_12A	plate_3	F02 	SAI145_drought_2	SAI145	yes	13	B	drought	2	2	14.36	1.69	15.5	0.109032258
2023_12_12A	plate_3	F03 	SAI182_drought_2	SAI182	yes	17	B	drought	2	1	13.47	1.64	20.4	0.080392157
2023_12_12A	plate_3	F04 	SAI182_drought_2	SAI182	yes	17	B	drought	2	2	13.68	1.47	20.4	0.072058824
2023_12_12A	plate_3	F05 	SAI186_drought_2	SAI186	yes	7	A	drought	2	1	15.18	0.74	18.4	0.040217391
2023_12_12A	plate_3	F06 	SAI186_drought_2	SAI186	yes	7	A	drought	2	2	15.35	0.69	18.4	0.0375
2023_12_12A	plate_3	F07 	SAI205_drought_2	SAI205	yes	21	B	drought	2	1	14.48	1.06	28	0.037857143
2023_12_12A	plate_3	F08 	SAI205_drought_2	SAI205	yes	21	B	drought	2	2	14.34	1.13	28	0.040357143
2023_12_12A	plate_3	G01 	SAI145_drought_3	SAI145	yes	13	B	drought	3	1	12.78	3.67	26.6	0.137969925
2023_12_12A	plate_3	G02 	SAI145_drought_3	SAI145	yes	13	B	drought	3	2	12.88	3.49	26.6	0.131203008
2023_12_12A	plate_3	G03 	SAI182_drought_3	SAI182	yes	17	B	drought	3	1	7.93	31.84	57.2	0.556643357
2023_12_12A	plate_3	G04 	SAI182_drought_3	SAI182	yes	17	B	drought	3	2	7.93	31.82	57.2	0.556293706
2023_12_12A	plate_3	G05 	SAI186_drought_3	SAI186	yes	7	A	drought	3	1	16.1	0.48	29.8	0.016107383
2023_12_12A	plate_3	G06 	SAI186_drought_3	SAI186	yes	7	A	drought	3	2	16.17	0.46	29.8	0.015436242
2023_12_12A	plate_3	G07 	SAI205_drought_3	SAI205	yes	21	B	drought	3	1	14.5	1.05	18.2	0.057692308
2023_12_12A	plate_3	G08 	SAI205_drought_3	SAI205	yes	21	B	drought	3	2	14.42	1.09	18.2	0.05989011
2023_12_12A	plate_3	H01 	SAI145_drought_4	SAI145	yes	13	B	drought	4	1	11.98	5.44	43.2	0.125925926
2023_12_12A	plate_3	H02 	SAI145_drought_4	SAI145	yes	13	B	drought	4	2	11.95	5.51	43.2	0.127546296
2023_12_12A	plate_3	H03 	SAI182_drought_4	SAI182	yes	17	B	drought	4	1	12.73	2.44	39.9	0.061152882
2023_12_12A	plate_3	H04 	SAI182_drought_4	SAI182	yes	17	B	drought	4	2	12.85	2.29	39.9	0.057393484
2023_12_12A	plate_3	H05 	SAI186_drought_4	SAI186	yes	7	A	drought	4	1	15.3	0.7	35.1	0.01994302
2023_12_12A	plate_3	H06 	SAI186_drought_4	SAI186	yes	7	A	drought	4	2	15.64	0.6	35.1	0.017094017
2023_12_12A	plate_3	H07 	SAI205_drought_4	SAI205	yes	21	B	drought	4	1	15.5	0.67	21.5	0.031162791
2023_12_12A	plate_3	H08 	SAI205_drought_4	SAI205	yes	21	B	drought	4	2	15.41	0.69	21.5	0.032093023
2023_12_12B	Plate_4	A01 	SAI208_water_1	SAI208	yes	16	A	water	1	1	12.21	4.344	34	0.127764706
2023_12_12B	Plate_4	A02 	SAI208_water_1	SAI208	yes	16	A	water	1	2	12.04	4.719	34	0.138794118
2023_12_12B	plate_4	A03 	SAI214_water_1	SAI214	yes	10	B	water	1	1	16.67	0.23	4.31	0.053364269
2023_12_12B	plate_4	A04 	SAI214_water_1	SAI214	yes	10	B	water	1	2	16.59	0.24	4.31	0.055684455
2023_12_12B	plate_4	A05 	SAI216_water_1	SAI216	yes	11	B	water	1	1	15.19	0.59	20	0.0295
2023_12_12B	plate_4	A06 	SAI216_water_1	SAI216	yes	11	B	water	1	2	15.21	0.58	20	0.029
2023_12_12B	plate_4	A07 	SAI227_water_1	SAI227	yes	1	A	water	1	1	16.76	0.25	36.2	0.006906077
2023_12_12B	plate_4	A08 	SAI227_water_1	SAI227	yes	1	A	water	1	2	16.73	0.26	36.2	0.00718232
2023_12_12B	plate_4	B01 	SAI208_water_2	SAI208	yes	16	A	water	2	1	14.76	1.277	19	0.067210526
2023_12_12B	plate_4	B02 	SAI208_water_2	SAI208	yes	16	A	water	2	2	14.81	1.25	19	0.065789474
2023_12_12B	plate_4	B03 	SAI214_water_2	SAI214	yes	10	B	water	2	1	15.6	0.43	20.8	0.020673077
2023_12_12B	plate_4	B04 	SAI214_water_2	SAI214	yes	10	B	water	2	2	15.7	0.41	20.8	0.019711538
2023_12_12B	plate_4	B05 	SAI216_water_2	SAI216	yes	11	B	water	2	1	16.59	0.31	12.5	0.0248
2023_12_12B	plate_4	B06 	SAI216_water_2	SAI216	yes	11	B	water	2	2	16.62	0.31	12.5	0.0248
2023_12_12B	plate_4	B07 	SAI227_water_2	SAI227	yes	1	A	water	2	1	13.85	1.07	42.6	0.025117371
2023_12_12B	plate_4	B08 	SAI227_water_2	SAI227	yes	1	A	water	2	2	13.88	1.06	42.6	0.024882629
2023_12_12B	plate_4	C01 	SAI208_water_3	SAI208	yes	16	A	water	3	1	13.83	1.996	41.5	0.048096386
2023_12_12B	plate_4	C02 	SAI208_water_3	SAI208	yes	16	A	water	3	2	13.9	1.935	41.5	0.046626506
2023_12_12B	plate_4	C03 	SAI214_water_3	SAI214	yes	10	B	water	3	1	14.71	0.74	12.3	0.060162602
2023_12_12B	plate_4	C04 	SAI214_water_3	SAI214	yes	10	B	water	3	2	14.66	0.77	12.3	0.062601626
2023_12_12B	plate_4	C05 	SAI216_water_3	SAI216	yes	11	B	water	3	1	17.03	0.25	14.5	0.017241379
2023_12_12B	plate_4	C06 	SAI216_water_3	SAI216	yes	11	B	water	3	2	17.09	0.25	14.5	0.017241379
2023_12_12B	plate_4	C07 	SAI227_water_3	SAI227	yes	1	A	water	3	1	15.3	0.52	36	0.014444444
2023_12_12B	plate_4	C08 	SAI227_water_3	SAI227	yes	1	A	water	3	2	15.22	0.54	36	0.015
2023_12_12B	plate_4	D01 	SAI208_water_4	SAI208	yes	16	A	water	4	1	14.82	1.244	22.2	0.056036036
2023_12_12B	plate_4	D02 	SAI208_water_4	SAI208	yes	16	A	water	4	2	14.74	1.29	22.2	0.058108108
2023_12_12B	plate_4	D03 	SAI214_water_4	SAI214	yes	10	B	water	4	1	15.77	0.39	18.4	0.021195652
2023_12_12B	plate_4	D04 	SAI214_water_4	SAI214	yes	10	B	water	4	2	15.87	0.37	18.4	0.020108696
2023_12_12B	plate_4	D05 	SAI216_water_4	SAI216	yes	11	B	water	4	1	15.67	0.47	24.4	0.019262295
2023_12_12B	plate_4	D06 	SAI216_water_4	SAI216	yes	11	B	water	4	2	15.82	0.44	24.4	0.018032787
2023_12_12B	plate_4	D07 	SAI227_water_4	SAI227	yes	1	A	water	4	1	15.6	0.45	34.5	0.013043478
2023_12_12B	plate_4	D08 	SAI227_water_4	SAI227	yes	1	A	water	4	2	15.66	0.44	34.5	0.012753623
2023_12_12B	plate_4	E01 	SAI208_drought_1	SAI208	yes	16	A	drought	1	1	11.93	4.984	48.5	0.102762887
2023_12_12B	plate_4	E02 	SAI208_drought_1	SAI208	yes	16	A	drought	1	2	11.79	5.337	48.5	0.110041237
2023_12_12B	plate_4	E03 	SAI214_drought_1	SAI214	yes	10	B	drought	1	1	15.16	0.57	22.1	0.025791855
2023_12_12B	plate_4	E04 	SAI214_drought_1	SAI214	yes	10	B	drought	1	2	15.05	0.6	22.1	0.027149321
2023_12_12B	plate_4	E05 	SAI216_drought_1	SAI216	yes	11	B	drought	1	1	16.99	0.26	23.7	0.010970464
2023_12_12B	plate_4	E06 	SAI216_drought_1	SAI216	yes	11	B	drought	1	2	16.94	0.26	23.7	0.010970464
2023_12_12B	plate_4	E07 	SAI227_drought_1	SAI227	yes	1	A	drought	1	1	15.31	0.52	9.39	0.055378062
2023_12_12B	plate_4	E08 	SAI227_drought_1	SAI227	yes	1	A	drought	1	2	15.28	0.53	9.39	0.056443024
2023_12_12B	plate_4	F01 	SAI208_drought_2	SAI208	yes	16	A	drought	2	1	13.08	2.862	38.8	0.073762887
2023_12_12B	plate_4	F02 	SAI208_drought_2	SAI208	yes	16	A	drought	2	2	13.05	2.913	38.8	0.07507732
2023_12_12B	plate_4	F03 	SAI214_drought_2	SAI214	yes	10	B	drought	2	1	14.77	0.72	27.1	0.026568266
2023_12_12B	plate_4	F04 	SAI214_drought_2	SAI214	yes	10	B	drought	2	2	14.85	0.68	27.1	0.025092251
2023_12_12B	plate_4	F05 	SAI216_drought_2	SAI216	yes	11	B	drought	2	1	15.16	0.6	43.8	0.01369863
2023_12_12B	plate_4	F06 	SAI216_drought_2	SAI216	yes	11	B	drought	2	2	15.2	0.59	43.8	0.01347032
2023_12_12B	plate_4	F07 	SAI227_drought_2	SAI227	yes	1	A	drought	2	1	13.23	1.46	17.1	0.085380117
2023_12_12B	plate_4	F08 	SAI227_drought_2	SAI227	yes	1	A	drought	2	2	13.28	1.42	17.1	0.083040936
2023_12_12B	plate_4	G01 	SAI208_drought_3	SAI208	yes	16	A	drought	3	1	14.4	1.52	35.3	0.04305949
2023_12_12B	plate_4	G02 	SAI208_drought_3	SAI208	yes	16	A	drought	3	2	14.55	1.415	35.3	0.040084986
2023_12_12B	plate_4	G03 	SAI214_drought_3	SAI214	yes	10	B	drought	3	1	13.62	1.44	22.4	0.064285714
2023_12_12B	plate_4	G04 	SAI214_drought_3	SAI214	yes	10	B	drought	3	2	13.34	1.7	22.4	0.075892857
2023_12_12B	plate_4	G05 	SAI216_drought_3	SAI216	yes	11	B	drought	3	1	13.6	1.23	40	0.03075
2023_12_12B	plate_4	G06 	SAI216_drought_3	SAI216	yes	11	B	drought	3	2	13.57	1.24	40	0.031
2023_12_12B	plate_4	G07 	SAI227_drought_3	SAI227	yes	1	A	drought	3	1	15.8	0.41	25.2	0.016269841
2023_12_12B	plate_4	G08 	SAI227_drought_3	SAI227	yes	1	A	drought	3	2	15.88	0.39	25.2	0.01547619
2023_12_12B	plate_4	H03 	SAI214_drought_4	SAI214	yes	10	B	drought	4	1	16.12	0.32	23.7	0.01350211
2023_12_12B	plate_4	H04 	SAI214_drought_4	SAI214	yes	10	B	drought	4	2	16.13	0.32	23.7	0.01350211
2023_12_12B	plate_4	H05 	SAI216_drought_4	SAI216	yes	11	B	drought	4	1	13.67	1.19	30.1	0.039534884
2023_12_12B	plate_4	H06 	SAI216_drought_4	SAI216	yes	11	B	drought	4	2	13.66	1.2	30.1	0.03986711
2023_12_12B	plate_4	H07 	SAI227_drought_4	SAI227	yes	1	A	drought	4	1	14.87	0.65	21.9	0.029680365
2023_12_12B	plate_4	H08 	SAI227_drought_4	SAI227	yes	1	A	drought	4	2	14.8	0.67	21.9	0.030593607
2024_03_28	plate_5	A01 	SAI001_water_1	SAI001	yes	1	C	water	1	1	11.83	3.21	23.3	0.13776824
2024_03_28	plate_5	A02 	SAI001_water_1	SAI001	yes	1	C	water	1	2	11.76	3.38	23.3	0.145064378
2024_03_28	plate_5	A03 	SAI025_water_1	SAI025	yes	2	C	water	1	1	13.1	1.41	13.5	0.104444444
2024_03_28	plate_5	A04 	SAI025_water_1	SAI025	yes	2	C	water	1	2	13.31	1.23	13.5	0.091111111
2024_03_28	plate_5	A05 	SAI170_water_1	SAI170	yes	19	C	water	1	1	15.88	0.23	10.1	0.022772277
2024_03_28	plate_5	A06 	SAI170_water_1	SAI170	yes	19	C	water	1	2	15.8	0.24	10.1	0.023762376
2024_03_28	Plate_5	A07 	Mock_water_1	Mock	no	0	C	water	1	1	23.86	0	9.65	0
2024_03_28	plate_5	A07 	Mock_water_1	Mock	no	0	C	water	1	1	23.86	0	9.65	0
2024_03_28	Plate_5	A08 	Mock_water_1	Mock	no	0	C	water	1	2	23.71	0	9.65	0
2024_03_28	plate_5	A08 	Mock_water_1	Mock	no	0	C	water	1	2	23.71	0	9.65	0
2024_03_28	plate_5	B01 	SAI001_water_2	SAI001	yes	1	C	water	2	1	13.07	1.43	16.7	0.085628743
2024_03_28	plate_5	B02 	SAI001_water_2	SAI001	yes	1	C	water	2	2	13.14	1.37	16.7	0.082035928
2024_03_28	plate_5	B03 	SAI025_water_2	SAI025	yes	2	C	water	2	1	12.7	1.83	19.5	0.093846154
2024_03_28	plate_5	B04 	SAI025_water_2	SAI025	yes	2	C	water	2	2	12.7	1.83	19.5	0.093846154
2024_03_28	plate_5	B05 	SAI170_water_2	SAI170	yes	19	C	water	2	1	14.23	0.68	12.5	0.0544
2024_03_28	plate_5	B06 	SAI170_water_2	SAI170	yes	19	C	water	2	2	13.98	0.79	12.5	0.0632
2024_03_28	Plate_5	B07 	Mock_water_2	Mock	no	0	C	water	2	1	24.14	0	16	0
2024_03_28	plate_5	B07 	Mock_water_2	Mock	no	0	C	water	2	1	24.14	0	16	0
2024_03_28	Plate_5	B08 	Mock_water_2	Mock	no	0	C	water	2	2	24.23	0	16	0
2024_03_28	plate_5	B08 	Mock_water_2	Mock	no	0	C	water	2	2	24.23	0	16	0
2024_03_28	plate_5	C01 	SAI001_water_3	SAI001	yes	1	C	water	3	1	14.73	0.49	13.3	0.036842105
2024_03_28	plate_5	C02 	SAI001_water_3	SAI001	yes	1	C	water	3	2	14.68	0.51	13.3	0.038345865
2024_03_28	plate_5	C03 	SAI025_water_3	SAI025	yes	2	C	water	3	1	11.66	3.6	15	0.24
2024_03_28	plate_5	C04 	SAI025_water_3	SAI025	yes	2	C	water	3	2	11.77	3.35	15	0.223333333
2024_03_28	plate_5	C05 	SAI170_water_3	SAI170	yes	19	C	water	3	1	12.47	2.12	17.6	0.120454545
2024_03_28	plate_5	C06 	SAI170_water_3	SAI170	yes	19	C	water	3	2	12.21	2.51	17.6	0.142613636
2024_03_28	Plate_5	C07 	Mock_water_3	Mock	no	0	C	water	3	1	24.43	0	11.4	0
2024_03_28	plate_5	C07 	Mock_water_3	Mock	no	0	C	water	3	1	24.43	0	11.4	0
2024_03_28	Plate_5	C08 	Mock_water_3	Mock	no	0	C	water	3	2	24.5	0	11.4	0
2024_03_28	plate_5	C08 	Mock_water_3	Mock	no	0	C	water	3	2	24.5	0	11.4	0
2024_03_28	plate_5	D01 	SAI001_water_4	SAI001	yes	1	C	water	4	1	12.65	1.89	22.2	0.085135135
2024_03_28	plate_5	D02 	SAI001_water_4	SAI001	yes	1	C	water	4	2	12.64	1.9	22.2	0.085585586
2024_03_28	plate_5	D03 	SAI025_water_4	SAI025	yes	2	C	water	4	1	12.8	1.71	18	0.095
2024_03_28	plate_5	D04 	SAI025_water_4	SAI025	yes	2	C	water	4	2	12.81	1.7	18	0.094444444
2024_03_28	plate_5	D05 	SAI170_water_4	SAI170	yes	19	C	water	4	1	12.32	2.33	16.3	0.142944785
2024_03_28	plate_5	D06 	SAI170_water_4	SAI170	yes	19	C	water	4	2	12.35	2.3	16.3	0.141104294
2024_03_28	Plate_5	D07 	Mock_water_4	Mock	no	0	C	water	4	1	24.67	0	12.4	0
2024_03_28	plate_5	D07 	Mock_water_4	Mock	no	0	C	water	4	1	24.67	0	12.4	0
2024_03_28	Plate_5	D08 	Mock_water_4	Mock	no	0	C	water	4	2	24.63	0	12.4	0
2024_03_28	plate_5	D08 	Mock_water_4	Mock	no	0	C	water	4	2	24.63	0	12.4	0
2024_03_28	plate_5	E01 	SAI001_drought_1	SAI001	yes	1	C	drought	1	1	14.43	0.59	25.9	0.022779923
2024_03_28	plate_5	E02 	SAI001_drought_1	SAI001	yes	1	C	drought	1	2	14.62	0.52	25.9	0.02007722
2024_03_28	plate_5	E03 	SAI025_drought_1	SAI025	yes	2	C	drought	1	1	9.76	12.4	54	0.22962963
2024_03_28	plate_5	E04 	SAI025_drought_1	SAI025	yes	2	C	drought	1	2	9.78	12.24	54	0.226666667
2024_03_28	plate_5	E05 	SAI170_drought_1	SAI170	yes	19	C	drought	1	1	12.73	1.79	34.7	0.051585014
2024_03_28	plate_5	E06 	SAI170_drought_1	SAI170	yes	19	C	drought	1	2	12.82	1.69	34.7	0.04870317
2024_03_28	Plate_5	E07 	Mock_drought_1	Mock	no	0	C	drought	1	1	23.03	0	29.3	0
2024_03_28	plate_5	E07 	Mock_drought_1	Mock	no	0	C	drought	1	1	23.03	0	29.3	0
2024_03_28	Plate_5	E08 	Mock_drought_1	Mock	no	0	C	drought	1	2	23.1	0	29.3	0
2024_03_28	plate_5	E08 	Mock_drought_1	Mock	no	0	C	drought	1	2	23.1	0	29.3	0
2024_03_28	plate_5	F01 	SAI001_drought_2	SAI001	yes	1	C	drought	2	1	12.06	2.77	42.2	0.06563981
2024_03_28	plate_5	F02 	SAI001_drought_2	SAI001	yes	1	C	drought	2	2	12.06	2.76	42.2	0.065402844
2024_03_28	plate_5	F03 	SAI025_drought_2	SAI025	yes	2	C	drought	2	1	8.76	23.64	71.7	0.329707113
2024_03_28	plate_5	F04 	SAI025_drought_2	SAI025	yes	2	C	drought	2	2	8.96	20.77	71.7	0.289679219
2024_03_28	plate_5	F05 	SAI170_drought_2	SAI170	yes	19	C	drought	2	1	13.88	0.85	35.7	0.023809524
2024_03_28	plate_5	F06 	SAI170_drought_2	SAI170	yes	19	C	drought	2	2	13.87	0.85	35.7	0.023809524
2024_03_28	Plate_5	F07 	Mock_drought_2	Mock	no	0	C	drought	2	1	22.66	0	29.1	0
2024_03_28	plate_5	F07 	Mock_drought_2	Mock	no	0	C	drought	2	1	22.66	0	29.1	0
2024_03_28	Plate_5	F08 	Mock_drought_2	Mock	no	0	C	drought	2	2	22.71	0	29.1	0
2024_03_28	plate_5	F08 	Mock_drought_2	Mock	no	0	C	drought	2	2	22.71	0	29.1	0
2024_03_28	plate_5	G01 	SAI001_drought_3	SAI001	yes	1	C	drought	3	1	12.41	2.21	40.9	0.05403423
2024_03_28	plate_5	G02 	SAI001_drought_3	SAI001	yes	1	C	drought	3	2	12.05	2.79	40.9	0.068215159
2024_03_28	plate_5	G03 	SAI025_drought_3	SAI025	yes	2	C	drought	3	1	8.81	22.89	61.2	0.374019608
2024_03_28	plate_5	G04 	SAI025_drought_3	SAI025	yes	2	C	drought	3	2	8.85	22.33	61.2	0.364869281
2024_03_28	plate_5	G05 	SAI170_drought_3	SAI170	yes	19	C	drought	3	1	11.35	4.38	39.5	0.110886076
2024_03_28	plate_5	G06 	SAI170_drought_3	SAI170	yes	19	C	drought	3	2	11.33	4.44	39.5	0.112405063
2024_03_28	Plate_5	G07 	Mock_drought_3	Mock	no	0	C	drought	3	1	23.07	0	28.2	0
2024_03_28	plate_5	G07 	Mock_drought_3	Mock	no	0	C	drought	3	1	23.07	0	28.2	0
2024_03_28	Plate_5	G08 	Mock_drought_3	Mock	no	0	C	drought	3	2	23.06	0	28.2	0
2024_03_28	plate_5	G08 	Mock_drought_3	Mock	no	0	C	drought	3	2	23.06	0	28.2	0
2024_03_28	plate_5	H01 	SAI001_drought_4	SAI001	yes	1	C	drought	4	1	17.03	0.11	40.5	0.002716049
2024_03_28	plate_5	H02 	SAI001_drought_4	SAI001	yes	1	C	drought	4	2	17	0.11	40.5	0.002716049
2024_03_28	plate_5	H03 	SAI025_drought_4	SAI025	yes	2	C	drought	4	1	11.65	3.63	23.3	0.155793991
2024_03_28	plate_5	H04 	SAI025_drought_4	SAI025	yes	2	C	drought	4	2	11.79	3.3	23.3	0.141630901
2024_03_28	plate_5	H05 	SAI170_drought_4	SAI170	yes	19	C	drought	4	1	11.14	5.04	38.3	0.131592689
2024_03_28	plate_5	H06 	SAI170_drought_4	SAI170	yes	19	C	drought	4	2	11.19	4.89	38.3	0.12767624
2024_03_28	Plate_5	H07 	Mock_drought_4	Mock	no	0	C	drought	4	1	23.56	0	25.4	0
2024_03_28	plate_5	H07 	Mock_drought_4	Mock	no	0	C	drought	4	1	23.56	0	25.4	0
2024_03_28	Plate_5	H08 	Mock_drought_4	Mock	no	0	C	drought	4	2	23.48	0	25.4	0
2024_03_28	plate_5	H08 	Mock_drought_4	Mock	no	0	C	drought	4	2	23.48	0	25.4	0
2024_04_04	plate_6	A01 	SAI176_water_1	SAI176	yes	20	C	water	1	1	11.29	5.37	24.4	0.220081967
2024_04_04	plate_6	A02 	SAI176_water_1	SAI176	yes	20	C	water	1	2	11.24	5.53	24.4	0.226639344
2024_04_04	plate_6	A03 	SAI229_water_1	SAI229	yes	9	C	water	1	1	12.05	3.28	13	0.252307692
2024_04_04	plate_6	A04 	SAI229_water_1	SAI229	yes	9	C	water	1	2	12.12	3.14	13	0.241538462
2024_04_04	plate_6	B01 	SAI176_water_2	SAI176	yes	20	C	water	2	1	11.66	4.23	18.8	0.225
2024_04_04	plate_6	B02 	SAI176_water_2	SAI176	yes	20	C	water	2	2	11.64	4.27	18.8	0.22712766
2024_04_04	plate_6	B03 	SAI229_water_2	SAI229	yes	9	C	water	2	1	12.27	2.86	14.9	0.191946309
2024_04_04	plate_6	B04 	SAI229_water_2	SAI229	yes	9	C	water	2	2	12.23	2.92	14.9	0.195973154
2024_04_04	plate_6	C01 	SAI176_water_3	SAI176	yes	20	C	water	3	1	11.67	4.19	18.5	0.226486486
2024_04_04	plate_6	C02 	SAI176_water_3	SAI176	yes	20	C	water	3	2	11.72	4.07	18.5	0.22
2024_04_04	plate_6	C03 	SAI229_water_3	SAI229	yes	9	C	water	3	1	12.65	2.24	13.3	0.168421053
2024_04_04	plate_6	C04 	SAI229_water_3	SAI229	yes	9	C	water	3	2	12.5	2.46	13.3	0.184962406
2024_04_04	plate_6	D01 	SAI176_water_4	SAI176	yes	20	C	water	4	1	13.19	1.58	19.3	0.081865285
2024_04_04	plate_6	D02 	SAI176_water_4	SAI176	yes	20	C	water	4	2	13.21	1.56	19.3	0.080829016
2024_04_04	plate_6	D03 	SAI229_water_4	SAI229	yes	9	C	water	4	1	13.48	1.31	17.6	0.074431818
2024_04_04	plate_6	D04 	SAI229_water_4	SAI229	yes	9	C	water	4	2	13.47	1.32	17.6	0.075
2024_04_04	plate_6	E01 	SAI176_drought_1	SAI176	yes	20	C	drought	1	1	10.31	10.06	30.6	0.32875817
2024_04_04	plate_6	E02 	SAI176_drought_1	SAI176	yes	20	C	drought	1	2	10.46	9.1	30.6	0.297385621
2024_04_04	plate_6	E03 	SAI229_drought_1	SAI229	yes	9	C	drought	1	1	14.55	0.66	30.1	0.02192691
2024_04_04	plate_6	E04 	SAI229_drought_1	SAI229	yes	9	C	drought	1	2	14.64	0.62	30.1	0.020598007
2024_04_04	plate_6	F01 	SAI176_drought_2	SAI176	yes	20	C	drought	2	1	12.33	2.74	26.7	0.102621723
2024_04_04	plate_6	F02 	SAI176_drought_2	SAI176	yes	20	C	drought	2	2	12.27	2.85	26.7	0.106741573
2024_04_04	plate_6	F03 	SAI229_drought_2	SAI229	yes	9	C	drought	2	1	13.4	1.38	17.4	0.079310345
2024_04_04	plate_6	F04 	SAI229_drought_2	SAI229	yes	9	C	drought	2	2	13.38	1.39	17.4	0.079885057
2024_04_04	plate_6	G01 	SAI176_drought_3	SAI176	yes	20	C	drought	3	1	10.75	7.56	35.9	0.210584958
2024_04_04	plate_6	G02 	SAI176_drought_3	SAI176	yes	20	C	drought	3	2	10.72	7.75	35.9	0.215877437
2024_04_04	plate_6	G03 	SAI229_drought_3	SAI229	yes	9	C	drought	3	1	15.57	0.34	28.2	0.012056738
2024_04_04	plate_6	G04 	SAI229_drought_3	SAI229	yes	9	C	drought	3	2	15.7	0.32	28.2	0.011347518
2024_04_04	plate_6	H01 	SAI176_drought_4	SAI176	yes	20	C	drought	4	1	8.01	44.12	57	0.774035088
2024_04_04	plate_6	H02 	SAI176_drought_4	SAI176	yes	20	C	drought	4	2	8.83	26.07	57	0.457368421
2024_04_04	plate_6	H03 	SAI229_drought_4	SAI229	yes	9	C	drought	4	1	15.69	0.32	28	0.011428571
2024_04_04	plate_6	H04 	SAI229_drought_4	SAI229	yes	9	C	drought	4	2	15.62	0.33	28	0.011785714
2024_10_21	plate_7	A01	SAI041_water_1	SAI041	no	16	D	water	1	1	11.82	3.85	9.07	0.424476295
2024_10_21	plate_7	A02	SAI041_water_1	SAI041	no	16	D	water	1	2	11.82	3.85	9.07	0.424476295
2024_10_21	plate_7	A03	SAI083_drought_1	SAI083	no	4	D	drought	1	1	13.29	1.75	14.6	0.119863014
2024_10_21	plate_7	A04	SAI083_drought_1	SAI083	no	4	D	drought	1	2	13.21	1.82	14.6	0.124657534
2024_10_21	plate_7	A05	SAI089_water_1	SAI089	no	4	D	water	1	1	10.71	6.98	7.24	0.964088398
2024_10_21	plate_7	A06	SAI089_water_1	SAI089	no	4	D	water	1	2	10.69	7.08	7.24	0.977900552
2024_10_21	plate_7	A07	SAI090_water_1	SAI090	no	16	D	water	1	1	12.76	2.33	3.17	0.735015773
2024_10_21	plate_7	A08	SAI090_water_1	SAI090	no	16	D	water	1	2	12.68	2.42	3.17	0.76340694
2024_10_21	plate_7	A09	SAI104_water_1	SAI104	no	0	D	water	1	1	14.6	0.86	2.9	0.296551724
2024_10_21	plate_7	A10	SAI104_water_1	SAI104	no	0	D	water	1	2	14.5	0.91	2.9	0.313793103
2024_10_21	plate_7	B01	SAI041_water_2	SAI041	no	16	D	water	2	1	11.59	4.36	9.54	0.457023061
2024_10_21	plate_7	B02	SAI041_water_2	SAI041	no	16	D	water	2	2	11.62	4.28	9.54	0.448637317
2024_10_21	plate_7	B03	SAI083_drought_2	SAI083	no	4	D	drought	2	1	11.68	4.16	13.1	0.317557252
2024_10_21	plate_7	B04	SAI083_drought_2	SAI083	no	4	D	drought	2	2	11.6	4.33	13.1	0.330534351
2024_10_21	plate_7	B05	SAI089_water_2	SAI089	no	4	D	water	2	1	11.89	3.72	6.37	0.583987441
2024_10_21	plate_7	B06	SAI089_water_2	SAI089	no	4	D	water	2	2	11.84	3.82	6.37	0.599686028
2024_10_21	plate_7	B07	SAI090_water_2	SAI090	no	16	D	water	2	1	10.75	6.84	7.25	0.943448276
2024_10_21	plate_7	B08	SAI090_water_2	SAI090	no	16	D	water	2	2	10.76	6.81	7.25	0.939310345
2024_10_21	plate_7	B09	SAI104_water_2	SAI104	no	0	D	water	2	1	13.07	1.97	3.17	0.621451104
2024_10_21	plate_7	B10	SAI104_water_2	SAI104	no	0	D	water	2	2	13.08	1.96	3.17	0.61829653
2024_10_21	plate_7	C01	SAI041_water_3	SAI041	no	16	D	water	3	1	13.62	1.46	6.49	0.224961479
2024_10_21	plate_7	C02	SAI041_water_3	SAI041	no	16	D	water	3	2	13.64	1.45	6.49	0.223420647
2024_10_21	plate_7	C03	SAI083_drought_3	SAI083	no	4	D	drought	3	1	12.05	3.41	15.7	0.217197452
2024_10_21	plate_7	C04	SAI083_drought_3	SAI083	no	4	D	drought	3	2	12	3.51	15.7	0.223566879
2024_10_21	plate_7	C05	SAI089_water_3	SAI089	no	4	D	water	3	1	13.75	1.37	4.63	0.295896328
2024_10_21	plate_7	C06	SAI089_water_3	SAI089	no	4	D	water	3	2	12.95	2.1	4.63	0.453563715
2024_10_21	plate_7	C07	SAI090_water_3	SAI090	no	16	D	water	3	1	12.88	2.19	5.63	0.388987567
2024_10_21	plate_7	C08	SAI090_water_3	SAI090	no	16	D	water	3	2	12.84	2.23	5.63	0.396092362
2024_10_21	plate_7	C09	SAI104_water_3	SAI104	no	0	D	water	3	1	13.81	1.32	3.96	0.333333333
2024_10_21	plate_7	C10	SAI104_water_3	SAI104	no	0	D	water	3	2	13.74	1.38	3.96	0.348484848
2024_10_21	plate_7	D01	SAI041_water_4	SAI041	no	16	D	water	4	1	11.37	4.91	7.47	0.65729585
2024_10_21	plate_7	D02	SAI041_water_4	SAI041	no	16	D	water	4	2	11.17	5.47	7.47	0.732262383
2024_10_21	plate_7	D03	SAI083_drought_4	SAI083	no	4	D	drought	4	1	14.98	0.7	17.5	0.04
2024_10_21	plate_7	D04	SAI083_drought_4	SAI083	no	4	D	drought	4	2	14.99	0.7	17.5	0.04
2024_10_21	plate_7	D05	SAI089_water_4	SAI089	no	4	D	water	4	1	11.19	5.42	7.8	0.694871795
2024_10_21	plate_7	D06	SAI089_water_4	SAI089	no	4	D	water	4	2	11.19	5.4	7.8	0.692307692
2024_10_21	plate_7	D07	SAI090_water_4	SAI090	no	16	D	water	4	1	12.9	2.16	3.18	0.679245283
2024_10_21	plate_7	D08	SAI090_water_4	SAI090	no	16	D	water	4	2	12.13	3.27	3.18	1.028301887
2024_10_21	plate_7	D09	SAI104_water_4	SAI104	no	0	D	water	4	1	13.02	2.02	3.52	0.573863636
2024_10_21	plate_7	D10	SAI104_water_4	SAI104	no	0	D	water	4	2	12.94	2.12	3.52	0.602272727
2024_10_21	plate_7	E01	SAI041_drought_1	SAI041	no	16	D	drought	1	1	11.95	3.6	12	0.3
2024_10_21	plate_7	E02	SAI041_drought_1	SAI041	no	16	D	drought	1	2	11.99	3.51	12	0.2925
2024_10_21	plate_7	E03	SAI083_water_1	SAI083	no	4	D	water	1	1	12.4	2.82	5.12	0.55078125
2024_10_21	plate_7	E04	SAI083_water_1	SAI083	no	4	D	water	1	2	12.72	2.37	5.12	0.462890625
2024_10_21	plate_7	E05	SAI089_drought_1	SAI089	no	4	D	drought	1	1	11.69	4.13	6.55	0.630534351
2024_10_21	plate_7	E06	SAI089_drought_1	SAI089	no	4	D	drought	1	2	11.67	4.17	6.55	0.636641221
2024_10_21	plate_7	E07	SAI090_drought_1	SAI090	no	16	D	drought	1	1	12.3	2.98	11	0.270909091
2024_10_21	plate_7	E08	SAI090_drought_1	SAI090	no	16	D	drought	1	2	12.21	3.13	11	0.284545455
2024_10_21	plate_7	E09	SAI104_drought_1	SAI104	no	0	D	drought	1	1	12.04	3.43	8.59	0.399301513
2024_10_21	plate_7	E10	SAI104_drought_1	SAI104	no	0	D	drought	1	2	12.02	3.46	8.59	0.402793946
2024_10_21	plate_7	F01	SAI041_drought_2	SAI041	no	16	D	drought	2	1	9.64	12.45	26.7	0.466292135
2024_10_21	plate_7	F02	SAI041_drought_2	SAI041	no	16	D	drought	2	2	9.57	12.89	26.7	0.482771536
2024_10_21	plate_7	F03	SAI083_water_2	SAI083	no	4	D	water	2	1	13.06	1.98	2.17	0.912442396
2024_10_21	plate_7	F04	SAI083_water_2	SAI083	no	4	D	water	2	2	12.91	2.15	2.17	0.99078341
2024_10_21	plate_7	F05	SAI089_drought_2	SAI089	no	4	D	drought	2	1	13.59	1.49	8.92	0.167040359
2024_10_21	plate_7	F06	SAI089_drought_2	SAI089	no	4	D	drought	2	2	13.62	1.47	8.92	0.164798206
2024_10_21	plate_7	F07	SAI090_drought_2	SAI090	no	16	D	drought	2	1	10.17	9.36	13.4	0.698507463
2024_10_21	plate_7	F08	SAI090_drought_2	SAI090	no	16	D	drought	2	2	10.15	9.48	13.4	0.707462687
2024_10_21	plate_7	F09	SAI104_drought_2	SAI104	no	0	D	drought	2	1	14.95	0.72	6.59	0.109256449
2024_10_21	plate_7	F10	SAI104_drought_2	SAI104	no	0	D	drought	2	2	14.87	0.75	6.59	0.113808801
2024_10_21	plate_7	G01	SAI041_drought_3	SAI041	no	16	D	drought	3	1	9.6	12.73	35.1	0.362678063
2024_10_21	plate_7	G02	SAI041_drought_3	SAI041	no	16	D	drought	3	2	9.61	12.64	35.1	0.36011396
2024_10_21	plate_7	G03	SAI083_water_3	SAI083	no	4	D	water	3	1	11.94	3.62	7.46	0.485254692
2024_10_21	plate_7	G04	SAI083_water_3	SAI083	no	4	D	water	3	2	12	3.5	7.46	0.469168901
2024_10_21	plate_7	G05	SAI089_drought_3	SAI089	no	4	D	drought	3	1	12.75	2.34	9.04	0.258849558
2024_10_21	plate_7	G06	SAI089_drought_3	SAI089	no	4	D	drought	3	2	12.73	2.37	9.04	0.262168142
2024_10_21	plate_7	G07	SAI090_drought_3	SAI090	no	16	D	drought	3	1	10.23	9.05	16.5	0.548484848
2024_10_21	plate_7	G08	SAI090_drought_3	SAI090	no	16	D	drought	3	2	10.12	9.59	16.5	0.581212121
2024_10_21	plate_7	G09	SAI104_drought_3	SAI104	no	0	D	drought	3	1	12.68	2.43	9.41	0.258235919
2024_10_21	plate_7	G10	SAI104_drought_3	SAI104	no	0	D	drought	3	2	12.63	2.49	9.41	0.264612115
2024_10_21	plate_7	H01	SAI041_drought_4	SAI041	no	16	D	drought	4	1	10.66	7.2	17.7	0.406779661
2024_10_21	plate_7	H02	SAI041_drought_4	SAI041	no	16	D	drought	4	2	10.6	7.43	17.7	0.419774011
2024_10_21	plate_7	H03	SAI083_water_4	SAI083	no	4	D	water	4	1	14.55	0.89	5.58	0.159498208
2024_10_21	plate_7	H04	SAI083_water_4	SAI083	no	4	D	water	4	2	14.49	0.92	5.58	0.164874552
2024_10_21	plate_7	H05	SAI089_drought_4	SAI089	no	4	D	drought	4	1	12.92	2.14	10.9	0.196330275
2024_10_21	plate_7	H06	SAI089_drought_4	SAI089	no	4	D	drought	4	2	12.92	2.14	10.9	0.196330275
2024_10_21	plate_7	H07	SAI090_drought_4	SAI090	no	16	D	drought	4	1	13.43	1.63	10	0.163
2024_10_21	plate_7	H08	SAI090_drought_4	SAI090	no	16	D	drought	4	2	13.04	2.01	10	0.201
2024_10_21	plate_7	H09	SAI104_drought_4	SAI104	no	0	D	drought	4	1	11.23	5.29	12	0.440833333
2024_10_21	plate_7	H10	SAI104_drought_4	SAI104	no	0	D	drought	4	2	10.98	6.05	12	0.504166667
2024_10_23A	plate_8	A01	SAI110_water_1	SAI110	no	21	D	water	1	1	11.56	4.32	8.45	0.511242604
2024_10_23A	plate_8	A02	SAI110_water_1	SAI110	no	21	D	water	1	2	11.68	4.09	8.45	0.484023669
2024_10_23A	plate_8	A03	SAI124_water_1	SAI124	no	16	D	water	1	1	11.23	5.04	7.59	0.664031621
2024_10_23A	plate_8	A04	SAI124_water_1	SAI124	no	16	D	water	1	2	11.1	5.37	7.59	0.707509881
2024_10_23A	plate_8	A05	SAI126_water_1	SAI126	no	15	D	water	1	1	12.71	2.51	2.12	1.183962264
2024_10_23A	plate_8	A06	SAI126_water_1	SAI126	no	15	D	water	1	2	12.69	2.54	2.12	1.198113208
2024_10_23A	plate_8	A07	SAI133_water_1	SAI133	no	16	D	water	1	1	12.49	2.8	6.33	0.442338073
2024_10_23A	plate_8	A08	SAI133_water_1	SAI133	no	16	D	water	1	2	12.31	3.04	6.33	0.480252765
2024_10_23A	plate_8	A09	SAI072_water_1	SAI072	no	8	E	water	1	1	13.53	1.72	14.1	0.121985816
2024_10_23A	plate_8	A10	SAI072_water_1	SAI072	no	8	E	water	1	2	13.52	1.73	14.1	0.122695035
2024_10_23A	plate_8	B01	SAI110_water_2	SAI110	no	21	D	water	2	1	13.3	1.91	5.42	0.352398524
2024_10_23A	plate_8	B02	SAI110_water_2	SAI110	no	21	D	water	2	2	13.29	1.92	5.42	0.354243542
2024_10_23A	plate_8	B03	SAI124_water_2	SAI124	no	16	D	water	2	1	8.95	14.71	15	0.980666667
2024_10_23A	plate_8	B04	SAI124_water_2	SAI124	no	16	D	water	2	2	9.02	14.23	15	0.948666667
2024_10_23A	plate_8	B05	SAI126_water_2	SAI126	no	15	D	water	2	1	9.76	10.07	9.56	1.05334728
2024_10_23A	plate_8	B06	SAI126_water_2	SAI126	no	15	D	water	2	2	9.78	9.98	9.56	1.043933054
2024_10_23A	plate_8	B07	SAI133_water_2	SAI133	no	16	D	water	2	1	12.36	2.97	7.33	0.405184175
2024_10_23A	plate_8	B08	SAI133_water_2	SAI133	no	16	D	water	2	2	12.25	3.12	7.33	0.425648022
2024_10_23A	plate_8	B09	SAI072_water_2	SAI072	no	8	E	water	2	1	13.11	2.09	12.2	0.171311475
2024_10_23A	plate_8	B10	SAI072_water_2	SAI072	no	8	E	water	2	2	13.12	2.08	12.2	0.170491803
2024_10_23A	plate_8	C01	SAI110_water_3	SAI110	no	21	D	water	3	1	11.5	4.44	7.73	0.574385511
2024_10_23A	plate_8	C02	SAI110_water_3	SAI110	no	21	D	water	3	2	11.25	4.99	7.73	0.645536869
2024_10_23A	plate_8	C03	SAI124_water_3	SAI124	no	16	D	water	3	1	9.54	11.15	15.5	0.719354839
2024_10_23A	plate_8	C04	SAI124_water_3	SAI124	no	16	D	water	3	2	9.58	10.91	15.5	0.703870968
2024_10_23A	plate_8	C05	SAI126_water_3	SAI126	no	15	D	water	3	1	10.72	6.41	5.34	1.200374532
2024_10_23A	plate_8	C06	SAI126_water_3	SAI126	no	15	D	water	3	2	10.74	6.34	5.34	1.187265918
2024_10_23A	plate_8	C07	SAI133_water_3	SAI133	no	16	D	water	3	1	11.42	4.62	8.17	0.565483476
2024_10_23A	plate_8	C08	SAI133_water_3	SAI133	no	16	D	water	3	2	11.28	4.92	8.17	0.602203182
2024_10_23A	plate_8	C09	SAI072_water_3	SAI072	no	8	E	water	3	1	13.6	1.66	13.3	0.12481203
2024_10_23A	plate_8	C10	SAI072_water_3	SAI072	no	8	E	water	3	2	13.57	1.68	13.3	0.126315789
2024_10_23A	plate_8	D01	SAI110_water_4	SAI110	no	21	D	water	4	1	12.26	3.12	5.95	0.524369748
2024_10_23A	plate_8	D02	SAI110_water_4	SAI110	no	21	D	water	4	2	12.29	3.06	5.95	0.514285714
2024_10_23A	plate_8	D03	SAI124_water_4	SAI124	no	16	D	water	4	1	9.72	10.22	15.2	0.672368421
2024_10_23A	plate_8	D04	SAI124_water_4	SAI124	no	16	D	water	4	2	9.88	9.48	15.2	0.623684211
2024_10_23A	plate_8	D05	SAI126_water_4	SAI126	no	15	D	water	4	1	10.12	8.49	7.76	1.094072165
2024_10_23A	plate_8	D06	SAI126_water_4	SAI126	no	15	D	water	4	2	10.2	8.17	7.76	1.052835052
2024_10_23A	plate_8	D07	SAI133_water_4	SAI133	no	16	D	water	4	1	11.14	5.25	8.23	0.637910085
2024_10_23A	plate_8	D08	SAI133_water_4	SAI133	no	16	D	water	4	2	11.21	5.08	8.23	0.617253949
2024_10_23A	plate_8	D09	SAI072_water_4	SAI072	no	8	E	water	4	1	14.76	0.96	12.1	0.079338843
2024_10_23A	plate_8	D10	SAI072_water_4	SAI072	no	8	E	water	4	2	14.71	0.99	12.1	0.081818182
2024_10_23A	plate_8	E01	SAI110_drought_1	SAI110	no	21	D	drought	1	1	15.01	0.86	7.48	0.114973262
2024_10_23A	plate_8	E02	SAI110_drought_1	SAI110	no	21	D	drought	1	2	14.87	0.92	7.48	0.122994652
2024_10_23A	plate_8	E03	SAI124_drought_1	SAI124	no	16	D	drought	1	1	14.86	0.92	8.1	0.113580247
2024_10_23A	plate_8	E04	SAI124_drought_1	SAI124	no	16	D	drought	1	2	14.85	0.92	8.1	0.113580247
2024_10_23A	plate_8	E05	SAI126_drought_1	SAI126	no	15	D	drought	1	1	15.22	0.77	5.18	0.148648649
2024_10_23A	plate_8	E06	SAI126_drought_1	SAI126	no	15	D	drought	1	2	15.19	0.79	5.18	0.152509653
2024_10_23A	plate_8	E07	SAI133_drought_1	SAI133	no	16	D	drought	1	1	14.91	0.9	8.83	0.101925255
2024_10_23A	plate_8	E08	SAI133_drought_1	SAI133	no	16	D	drought	1	2	14.83	0.93	8.83	0.105322763
2024_10_23A	plate_8	E09	SAI072_drought_1	SAI072	no	8	E	drought	1	1	13.87	1.47	23.5	0.062553191
2024_10_23A	plate_8	E10	SAI072_drought_1	SAI072	no	8	E	drought	1	2	13.98	1.39	23.5	0.059148936
2024_10_23A	plate_8	F01	SAI110_drought_2	SAI110	no	21	D	drought	2	1	12.55	2.72	12.8	0.2125
2024_10_23A	plate_8	F02	SAI110_drought_2	SAI110	no	21	D	drought	2	2	12.59	2.67	12.8	0.20859375
2024_10_23A	plate_8	F03	SAI124_drought_2	SAI124	no	16	D	drought	2	1	11.13	5.29	16.6	0.318674699
2024_10_23A	plate_8	F04	SAI124_drought_2	SAI124	no	16	D	drought	2	2	11.24	5.01	16.6	0.301807229
2024_10_23A	plate_8	F05	SAI126_drought_2	SAI126	no	15	D	drought	2	1	15.82	0.58	5.36	0.108208955
2024_10_23A	plate_8	F06	SAI126_drought_2	SAI126	no	15	D	drought	2	2	15.76	0.6	5.36	0.111940299
2024_10_23A	plate_8	F07	SAI133_drought_2	SAI133	no	16	D	drought	2	1	12.62	2.62	13.2	0.198484848
2024_10_23A	plate_8	F08	SAI133_drought_2	SAI133	no	16	D	drought	2	2	12.6	2.66	13.2	0.201515152
2024_10_23A	plate_8	F09	SAI072_drought_2	SAI072	no	8	E	drought	2	1	14.58	1.05	9.91	0.105953582
2024_10_23A	plate_8	F10	SAI072_drought_2	SAI072	no	8	E	drought	2	2	14.51	1.09	9.91	0.109989909
2024_10_23A	plate_8	G01	SAI110_drought_3	SAI110	no	21	D	drought	3	1	13.47	1.76	13.5	0.13037037
2024_10_23A	plate_8	G02	SAI110_drought_3	SAI110	no	21	D	drought	3	2	13.54	1.71	13.5	0.126666667
2024_10_23A	plate_8	G03	SAI124_drought_3	SAI124	no	16	D	drought	3	1	11.31	4.85	15.4	0.314935065
2024_10_23A	plate_8	G04	SAI124_drought_3	SAI124	no	16	D	drought	3	2	11.35	4.76	15.4	0.309090909
2024_10_23A	plate_8	G05	SAI126_drought_3	SAI126	no	15	D	drought	3	1	10.29	7.85	13.2	0.59469697
2024_10_23A	plate_8	G06	SAI126_drought_3	SAI126	no	15	D	drought	3	2	10.38	7.51	13.2	0.568939394
2024_10_23A	plate_8	G07	SAI133_drought_3	SAI133	no	16	D	drought	3	1	15.58	0.65	9.98	0.065130261
2024_10_23A	plate_8	G08	SAI133_drought_3	SAI133	no	16	D	drought	3	2	15.51	0.68	9.98	0.068136273
2024_10_23A	plate_8	G09	SAI072_drought_3	SAI072	no	8	E	drought	3	1	14.96	0.88	9.78	0.08997955
2024_10_23A	plate_8	G10	SAI072_drought_3	SAI072	no	8	E	drought	3	2	14.9	0.9	9.78	0.09202454
2024_10_23A	plate_8	H01	SAI110_drought_4	SAI110	no	21	D	drought	4	1	14.78	0.95	11.1	0.085585586
2024_10_23A	plate_8	H02	SAI110_drought_4	SAI110	no	21	D	drought	4	2	14.92	0.89	11.1	0.08018018
2024_10_23A	plate_8	H03	SAI124_drought_4	SAI124	no	16	D	drought	4	1	16	0.54	6.94	0.077809798
2024_10_23A	plate_8	H04	SAI124_drought_4	SAI124	no	16	D	drought	4	2	16.06	0.52	6.94	0.074927954
2024_10_23A	plate_8	H05	SAI126_drought_4	SAI126	no	15	D	drought	4	1				#DIV/0!
2024_10_23A	plate_8	H06	SAI126_drought_4	SAI126	no	15	D	drought	4	2				#DIV/0!
2024_10_23A	plate_8	H07	SAI133_drought_4	SAI133	no	16	D	drought	4	1	13.39	1.83	12.2	0.15
2024_10_23A	plate_8	H08	SAI133_drought_4	SAI133	no	16	D	drought	4	2	13.16	2.04	12.2	0.167213115
2024_10_23A	plate_8	H09	SAI072_drought_4	SAI072	no	8	E	drought	4	1	16.59	0.41	13.5	0.03037037
2024_10_23A	plate_8	H10	SAI072_drought_4	SAI072	no	8	E	drought	4	2	16.59	0.41	13.5	0.03037037
2024_10_23B	plate_9	A01	SAI086_water_1	SAI086	no	8	E	water	1	1	11.97	3.61	20.3	0.177832512
2024_10_23B	plate_9	A02	SAI086_water_1	SAI086	no	8	E	water	1	2	11.91	3.71	20.3	0.182758621
2024_10_23B	plate_9	A03	SAI108_water_1	SAI108	no	4	E	water	1	1	10.63	6.78	21.5	0.315348837
2024_10_23B	plate_9	A04	SAI108_water_1	SAI108	no	4	E	water	1	2	10.66	6.7	21.5	0.311627907
2024_10_23B	plate_9	A05	SAI117_water_1	SAI117	no	16	E	water	1	1	12.64	2.63	17.5	0.150285714
2024_10_23B	plate_9	A06	SAI117_water_1	SAI117	no	16	E	water	1	2	12.67	2.6	17.5	0.148571429
2024_10_23B	plate_9	A07	SAI119_water_1	SAI119	no	15	E	water	1	1	13.1	2.12	14.4	0.147222222
2024_10_23B	plate_9	A08	SAI119_water_1	SAI119	no	15	E	water	1	2	13.09	2.12	14.4	0.147222222
2024_10_23B	plate_9	A09	SAI135_water_1	SAI135	no	16	E	water	1	1	12.82	2.41	21.7	0.111059908
2024_10_23B	plate_9	A10	SAI135_water_1	SAI135	no	16	E	water	1	2	12.94	2.28	21.7	0.105069124
2024_10_23B	plate_9	B01	SAI086_water_2	SAI086	no	8	E	water	2	1	12.86	2.37	13	0.182307692
2024_10_23B	plate_9	B02	SAI086_water_2	SAI086	no	8	E	water	2	2	12.85	2.38	13	0.183076923
2024_10_23B	plate_9	B03	SAI108_water_2	SAI108	no	4	E	water	2	1	12.23	3.19	15.8	0.201898734
2024_10_23B	plate_9	B04	SAI108_water_2	SAI108	no	4	E	water	2	2	12.21	3.21	15.8	0.203164557
2024_10_23B	plate_9	B05	SAI117_water_2	SAI117	no	16	E	water	2	1	10.08	8.82	31.6	0.279113924
2024_10_23B	plate_9	B06	SAI117_water_2	SAI117	no	16	E	water	2	2	10.2	8.31	31.6	0.262974684
2024_10_23B	plate_9	B07	SAI119_water_2	SAI119	no	15	E	water	2	1	12.68	2.58	21.5	0.12
2024_10_23B	plate_9	B08	SAI119_water_2	SAI119	no	15	E	water	2	2	12.58	2.7	21.5	0.125581395
2024_10_23B	plate_9	B09	SAI135_water_2	SAI135	no	16	E	water	2	1	12.7	2.55	26.7	0.095505618
2024_10_23B	plate_9	B10	SAI135_water_2	SAI135	no	16	E	water	2	2	12.7	2.55	26.7	0.095505618
2024_10_23B	plate_9	C01	SAI086_water_3	SAI086	no	8	E	water	3	1	15.56	0.66	10.9	0.060550459
2024_10_23B	plate_9	C02	SAI086_water_3	SAI086	no	8	E	water	3	2	15.55	0.67	10.9	0.06146789
2024_10_23B	plate_9	C03	SAI108_water_3	SAI108	no	4	E	water	3	1	11.56	4.37	21	0.208095238
2024_10_23B	plate_9	C04	SAI108_water_3	SAI108	no	4	E	water	3	2	11.6	4.29	21	0.204285714
2024_10_23B	plate_9	C05	SAI117_water_3	SAI117	no	16	E	water	3	1	9.91	9.54	33.6	0.283928571
2024_10_23B	plate_9	C06	SAI117_water_3	SAI117	no	16	E	water	3	2	9.91	9.52	33.6	0.283333333
2024_10_23B	plate_9	C07	SAI119_water_3	SAI119	no	15	E	water	3	1	12.55	2.74	21.2	0.129245283
2024_10_23B	plate_9	C08	SAI119_water_3	SAI119	no	15	E	water	3	2	12.57	2.71	21.2	0.127830189
2024_10_23B	plate_9	C09	SAI135_water_3	SAI135	no	16	E	water	3	1	12.41	2.92	24.1	0.121161826
2024_10_23B	plate_9	C10	SAI135_water_3	SAI135	no	16	E	water	3	2	12.39	2.96	24.1	0.122821577
2024_10_23B	plate_9	D01	SAI086_water_4	SAI086	no	8	E	water	4	1	14.4	1.15	14.1	0.081560284
2024_10_23B	plate_9	D02	SAI086_water_4	SAI086	no	8	E	water	4	2	14.16	1.28	14.1	0.090780142
2024_10_23B	plate_9	D03	SAI108_water_4	SAI108	no	4	E	water	4	1	12.03	3.5	25.4	0.137795276
2024_10_23B	plate_9	D04	SAI108_water_4	SAI108	no	4	E	water	4	2	11.96	3.61	25.4	0.142125984
2024_10_23B	plate_9	D05	SAI117_water_4	SAI117	no	16	E	water	4	1	11.62	4.24	23.4	0.181196581
2024_10_23B	plate_9	D06	SAI117_water_4	SAI117	no	16	E	water	4	2	11.7	4.09	23.4	0.174786325
2024_10_23B	plate_9	D07	SAI119_water_4	SAI119	no	15	E	water	4	1	10.47	7.31	38.1	0.191863517
2024_10_23B	plate_9	D08	SAI119_water_4	SAI119	no	15	E	water	4	2	10.58	6.94	38.1	0.182152231
2024_10_23B	plate_9	D09	SAI135_water_4	SAI135	no	16	E	water	4	1	12.79	2.44	25.1	0.097211155
2024_10_23B	plate_9	D10	SAI135_water_4	SAI135	no	16	E	water	4	2	12.77	2.47	25.1	0.098406375
2024_10_23B	plate_9	E01	SAI086_drought_1	SAI086	no	8	E	drought	1	1	15.87	0.57	33.4	0.017065868
2024_10_23B	plate_9	E02	SAI086_drought_1	SAI086	no	8	E	drought	1	2	16.01	0.54	33.4	0.016167665
2024_10_23B	plate_9	E03	SAI108_drought_1	SAI108	no	4	E	drought	1	1	17.27	0.29	23	0.012608696
2024_10_23B	plate_9	E04	SAI108_drought_1	SAI108	no	4	E	drought	1	2	17.29	0.29	23	0.012608696
2024_10_23B	plate_9	E05	SAI117_drought_1	SAI117	no	16	E	drought	1	1	11.61	4.28	27.4	0.15620438
2024_10_23B	plate_9	E06	SAI117_drought_1	SAI117	no	16	E	drought	1	2	11.6	4.3	27.4	0.156934307
2024_10_23B	plate_9	E07	SAI119_drought_1	SAI119	no	15	E	drought	1	1	14.63	1.02	24.9	0.040963855
2024_10_23B	plate_9	E08	SAI119_drought_1	SAI119	no	15	E	drought	1	2	14.64	1.02	24.9	0.040963855
2024_10_23B	plate_9	E09	SAI135_drought_1	SAI135	no	16	E	drought	1	1	12.84	2.39	31.3	0.076357827
2024_10_23B	plate_9	E10	SAI135_drought_1	SAI135	no	16	E	drought	1	2	12.88	2.34	31.3	0.074760383
2024_10_23B	plate_9	F01	SAI086_drought_2	SAI086	no	8	E	drought	2	1	13.81	1.51	24.7	0.061133603
2024_10_23B	plate_9	F02	SAI086_drought_2	SAI086	no	8	E	drought	2	2	13.65	1.63	24.7	0.065991903
2024_10_23B	plate_9	F03	SAI108_drought_2	SAI108	no	4	E	drought	2	1	12.6	2.68	29.5	0.090847458
2024_10_23B	plate_9	F04	SAI108_drought_2	SAI108	no	4	E	drought	2	2	12.57	2.71	29.5	0.091864407
2024_10_23B	plate_9	F05	SAI117_drought_2	SAI117	no	16	E	drought	2	1	11.72	4.05	24.5	0.165306122
2024_10_23B	plate_9	F06	SAI117_drought_2	SAI117	no	16	E	drought	2	2	11.74	4.03	24.5	0.164489796
2024_10_23B	plate_9	F07	SAI119_drought_2	SAI119	no	15	E	drought	2	1	11.25	5.06	48.5	0.104329897
2024_10_23B	plate_9	F08	SAI119_drought_2	SAI119	no	15	E	drought	2	2	11.31	4.91	48.5	0.101237113
2024_10_23B	plate_9	F09	SAI135_drought_2	SAI135	no	16	E	drought	2	1	9.39	12.19	51.8	0.235328185
2024_10_23B	plate_9	F10	SAI135_drought_2	SAI135	no	16	E	drought	2	2	9.44	11.92	51.8	0.23011583
2024_10_23B	plate_9	G01	SAI086_drought_3	SAI086	no	8	E	drought	3	1	14.16	1.28	30.4	0.042105263
2024_10_23B	plate_9	G02	SAI086_drought_3	SAI086	no	8	E	drought	3	2	14.2	1.26	30.4	0.041447368
2024_10_23B	plate_9	G03	SAI108_drought_3	SAI108	no	4	E	drought	3	1	12.49	2.82	27.6	0.102173913
2024_10_23B	plate_9	G04	SAI108_drought_3	SAI108	no	4	E	drought	3	2	12.36	2.99	27.6	0.108333333
2024_10_23B	plate_9	G05	SAI117_drought_3	SAI117	no	16	E	drought	3	1	9.69	10.59	35.7	0.296638655
2024_10_23B	plate_9	G06	SAI117_drought_3	SAI117	no	16	E	drought	3	2	9.68	10.63	35.7	0.297759104
2024_10_23B	plate_9	G07	SAI119_drought_3	SAI119	no	15	E	drought	3	1	11.37	4.79	41.9	0.114319809
2024_10_23B	plate_9	G08	SAI119_drought_3	SAI119	no	15	E	drought	3	2	11.37	4.79	41.9	0.114319809
2024_10_23B	plate_9	G09	SAI135_drought_3	SAI135	no	16	E	drought	3	1	13.5	1.75	20.4	0.085784314
2024_10_23B	plate_9	G10	SAI135_drought_3	SAI135	no	16	E	drought	3	2	13.48	1.76	20.4	0.08627451
2024_10_23B	plate_9	H01	SAI086_drought_4	SAI086	no	8	E	drought	4	1	13.6	1.67	30.6	0.054575163
2024_10_23B	plate_9	H02	SAI086_drought_4	SAI086	no	8	E	drought	4	2	13.59	1.68	30.6	0.054901961
2024_10_23B	plate_9	H05	SAI117_drought_4	SAI117	no	16	E	drought	4	1	12.77	2.47	32.3	0.076470588
2024_10_23B	plate_9	H06	SAI117_drought_4	SAI117	no	16	E	drought	4	2	12.79	2.45	32.3	0.075851393
2024_10_23B	plate_9	H07	SAI119_drought_4	SAI119	no	15	E	drought	4	1	11.78	3.94	36.8	0.107065217
2024_10_23B	plate_9	H08	SAI119_drought_4	SAI119	no	15	E	drought	4	2	11.77	3.97	36.8	0.107880435
2024_10_23B	plate_9	H09	SAI135_drought_4	SAI135	no	16	E	drought	4	1	11.92	3.7	31.9	0.115987461
2024_10_23B	plate_9	H10	SAI135_drought_4	SAI135	no	16	E	drought	4	2	11.98	3.59	31.9	0.112539185