date	plate	well	sample	isolate	ANI_group	microbox_batch	treatment	bio_rep	tech_rep	Cq	SQ	input_nguL	colonization
2023_12_04	Plate_1	A01	SAI055_water_1	SAI055	18	B	water	1	1	15.91152	0.46536	35.1	0.01326
2023_12_04	Plate_1	A02	SAI069_water_1	SAI069	8	B	water	1	1	15.14785	0.67772	23.6	0.02872
2023_12_04	Plate_1	A03	SAI078_water_1	SAI078	5	A	water	1	1	15.46553	0.57961	12.6	0.046
2023_12_04	Plate_1	A04	SAI088_water_1	SAI088	4	A	water	1	1	15.51435	0.56584	16.4	0.0345
2023_12_04	Plate_1	B01	SAI055_water_2	SAI055	18	B	water	2	1	15.34744	0.6143	41.3	0.01487
2023_12_04	Plate_1	B02	SAI069_water_2	SAI069	8	B	water	2	1	14.35757	1.00001	28	0.03571
2023_12_04	Plate_1	B03	SAI078_water_2	SAI078	5	A	water	2	1	16.57387	0.33588	17.4	0.0193
2023_12_04	Plate_1	B04	SAI088_water_2	SAI088	4	A	water	2	1	14.98044	0.73594	41.8	0.01761
2023_12_04	Plate_1	C01	SAI055_water_3	SAI055	18	B	water	3	1	14.65321	0.86457	36	0.02402
2023_12_04	Plate_1	C02	SAI069_water_3	SAI069	8	B	water	3	1	13.57239	1.47187	27.6	0.05333
2023_12_04	Plate_1	C03	SAI078_water_3	SAI078	5	A	water	3	1	14.39179	0.98331	26.7	0.03683
2023_12_04	Plate_1	C04	SAI088_water_3	SAI088	4	A	water	3	1	15.98479	0.44887	10.6	0.04235
2023_12_04	Plate_1	D01	SAI055_water_4	SAI055	18	B	water	4	1	15.16687	0.6714	20.2	0.03324
2023_12_04	Plate_1	D02	SAI069_water_4	SAI069	8	B	water	4	1	17.36153	0.22792	35.4	0.00644
2023_12_04	Plate_1	D03	SAI078_water_4	SAI078	5	A	water	4	1	14.59009	0.89185	33.7	0.02646
2023_12_04	Plate_1	D04	SAI088_water_4	SAI088	4	A	water	4	1	12.9026	2.04676	48	0.04264
2023_12_04	Plate_1	E01	SAI055_drought_1	SAI055	18	B	drought	1	1	18.92522	0.10556	28.3	0.00373
2023_12_04	Plate_1	E02	SAI069_drought_1	SAI069	8	B	drought	1	1	15.35228	0.61284	15	0.04086
2023_12_04	Plate_1	E03	SAI078_drought_1	SAI078	5	A	drought	1	1	14.96772	0.74056	21.2	0.03493
2023_12_04	Plate_1	E04	SAI088_drought_1	SAI088	4	A	drought	1	1	14.11067	1.12925	48.1	0.02348
2023_12_04	Plate_1	F01	SAI055_drought_2	SAI055	18	B	drought	2	1	17.07988	0.26182	30.7	0.00853
2023_12_04	Plate_1	F02	SAI069_drought_2	SAI069	8	B	drought	2	1	16.38622	0.36838	18.6	0.01981
2023_12_04	Plate_1	F03	SAI078_drought_2	SAI078	5	A	drought	2	1	13.69383	1.38646	36.4	0.03809
2023_12_04	Plate_1	F04	SAI088_drought_2	SAI088	4	A	drought	2	1	13.66646	1.40527	38.3	0.03669
2023_12_04	Plate_1	G01	SAI055_drought_3	SAI055	18	B	drought	3	1	15.43544	0.58826	29.7	0.01981
2023_12_04	Plate_1	G02	SAI069_drought_3	SAI069	8	B	drought	3	1	13.50341	1.52271	25.5	0.05971
2023_12_04	Plate_1	G03	SAI078_drought_3	SAI078	5	A	drought	3	1	13.97465	1.20745	41.2	0.02931
2023_12_04	Plate_1	G04	SAI088_drought_3	SAI088	4	A	drought	3	1	15.23515	0.64921	41.1	0.0158
2023_12_04	Plate_1	H01	SAI055_drought_4	SAI055	18	B	drought	4	1	13.93472	1.23142	54.4	0.02264
2023_12_04	Plate_1	H02	SAI069_drought_4	SAI069	8	B	drought	4	1	13.28298	1.69725	35.4	0.04794
2023_12_04	Plate_1	H03	SAI078_drought_4	SAI078	5	A	drought	4	1	14.24832	1.05527	36.1	0.02923
2023_12_04	Plate_1	H04	SAI088_drought_4	SAI088	4	A	drought	4	1	17.2363	0.24241	18.1	0.01339
2023_12_05	Plate_2	A01	SAI097_water_1	SAI097	15	A	water	1	1	12.92744	3.2083	50.4	0.06366
2023_12_05	Plate_2	A02	SAI127_water_1	SAI127	14	A	water	1	1	15.498	0.88577	32.3	0.02742
2023_12_05	Plate_2	A03	SAI129_water_1	SAI129	3	B	water	1	1	17.16183	0.38506	24.4	0.01578
2023_12_05	Plate_2	A04	SAI142_water_1	SAI142	12	B	water	1	1	12.63403	3.71598	23.6	0.15746
2023_12_05	Plate_2	B01	SAI097_water_2	SAI097	15	A	water	2	1	15.08058	1.09166	31.2	0.03499
2023_12_05	Plate_2	B02	SAI127_water_2	SAI127	14	A	water	2	1	14.93796	1.17246	37.9	0.03094
2023_12_05	Plate_2	B03	SAI129_water_2	SAI129	3	B	water	2	1	13.66612	2.21643	38.6	0.05742
2023_12_05	Plate_2	B04	SAI142_water_2	SAI142	12	B	water	2	1	12.64247	3.70033	32.1	0.11527
2023_12_05	Plate_2	C01	SAI097_water_3	SAI097	15	A	water	3	1	13.55331	2.34522	24.3	0.09651
2023_12_05	Plate_2	C02	SAI127_water_3	SAI127	14	A	water	3	1	14.29563	1.61722	45.5	0.03554
2023_12_05	Plate_2	C03	SAI129_water_3	SAI129	3	B	water	3	1	12.74234	3.51984	44.8	0.07857
2023_12_05	Plate_2	C04	SAI142_water_3	SAI142	12	B	water	3	1	12.36827	4.24485	36.7	0.11566
2023_12_05	Plate_2	D01	SAI097_water_4	SAI097	15	A	water	4	1	13.39096	2.5438	77.7	0.03274
2023_12_05	Plate_2	D02	SAI127_water_4	SAI127	14	A	water	4	1	17.59836	0.30947	26	0.0119
2023_12_05	Plate_2	D03	SAI129_water_4	SAI129	3	B	water	4	1	15.27469	0.99056	59.1	0.01676
2023_12_05	Plate_2	D04	SAI142_water_4	SAI142	12	B	water	4	1	14.87845	1.20792	27	0.04474
2023_12_05	Plate_2	E01	SAI097_drought_1	SAI097	15	A	drought	1	1	13.19264	2.80937	16.5	0.17026
2023_12_05	Plate_2	E02	SAI127_drought_1	SAI127	14	A	drought	1	1	14.70603	1.31683	43.2	0.03048
2023_12_05	Plate_2	E03	SAI129_drought_1	SAI129	3	B	drought	1	1	16.26079	0.60458	9.62	0.06285
2023_12_05	Plate_2	E04	SAI142_drought_1	SAI142	12	B	drought	1	1	13.08901	2.95897	8.26	0.35823
2023_12_05	Plate_2	F01	SAI097_drought_2	SAI097	15	A	drought	2	1	13.24283	2.73965	8.22	0.33329
2023_12_05	Plate_2	F02	SAI127_drought_2	SAI127	14	A	drought	2	1	14.30067	1.61315	23.2	0.06953
2023_12_05	Plate_2	F03	SAI129_drought_2	SAI129	3	B	drought	2	1	14.88008	1.20694	15.5	0.07787
2023_12_05	Plate_2	F04	SAI142_drought_2	SAI142	12	B	drought	2	1	12.58398	3.81028	11.9	0.32019
2023_12_05	Plate_2	G01	SAI097_drought_3	SAI097	15	A	drought	3	1	12.60693	3.76676	22.1	0.17044
2023_12_05	Plate_2	G02	SAI127_drought_3	SAI127	14	A	drought	3	1	13.71621	2.16153	28.8	0.07505
2023_12_05	Plate_2	G03	SAI129_drought_3	SAI129	3	B	drought	3	1	14.57403	1.40681	31.2	0.04509
2023_12_05	Plate_2	G04	SAI142_drought_3	SAI142	12	B	drought	3	1	12.84105	3.35011	19.9	0.16835
2023_12_05	Plate_2	H01	SAI097_drought_4	SAI097	15	A	drought	4	1	12.99446	3.10243	38.9	0.07975
2023_12_05	Plate_2	H02	SAI127_drought_4	SAI127	14	A	drought	4	1	13.02751	3.05151	20.6	0.14813
2023_12_05	Plate_2	H03	SAI129_drought_4	SAI129	3	B	drought	4	1	18.85405	0.16503	26.6	0.0062
2023_12_05	Plate_2	H04	SAI142_drought_4	SAI142	12	B	drought	4	1	12.5902	3.79843	34.1	0.11139
2023_12_12A	Plate_3	A01 	SAI145_water_1	SAI145	13	B	water	1	1	11.9	5.649	48.5	0.11647
2023_12_12A	Plate_3	A02 	SAI145_water_1	SAI145	13	B	water	1	2	11.71	6.196	48.5	0.12775
2023_12_12A	Plate_3	B01 	SAI145_water_2	SAI145	13	B	water	2	1	11.91	5.627	41.2	0.13658
2023_12_12A	Plate_3	B02 	SAI145_water_2	SAI145	13	B	water	2	2	12.07	5.194	41.2	0.12607
2023_12_12A	Plate_3	C01 	SAI145_water_3	SAI145	13	B	water	3	1	11.96	5.484	45.5	0.12053
2023_12_12A	Plate_3	C02 	SAI145_water_3	SAI145	13	B	water	3	2	11.98	5.429	45.5	0.11932
2023_12_12A	Plate_3	D01 	SAI145_water_4	SAI145	13	B	water	4	1	14.13	1.891	29.2	0.06476
2023_12_12A	Plate_3	D02 	SAI145_water_4	SAI145	13	B	water	4	2	14.18	1.845	29.2	0.06318
2023_12_12A	Plate_3	E01 	SAI145_drought_1	SAI145	13	B	drought	1	1	11.62	6.473	43.9	0.14745
2023_12_12A	Plate_3	E02 	SAI145_drought_1	SAI145	13	B	drought	1	2	11.69	6.258	43.9	0.14255
2023_12_12A	Plate_3	F01 	SAI145_drought_2	SAI145	13	B	drought	2	1	14.22	1.805	15.5	0.11645
2023_12_12A	Plate_3	F02 	SAI145_drought_2	SAI145	13	B	drought	2	2	14.36	1.689	15.5	0.10897
2023_12_12A	Plate_3	G01 	SAI145_drought_3	SAI145	13	B	drought	3	1	12.78	3.67	26.6	0.13797
2023_12_12A	Plate_3	G02 	SAI145_drought_3	SAI145	13	B	drought	3	2	12.88	3.487	26.6	0.13109
2023_12_12A	Plate_3	H01 	SAI145_drought_4	SAI145	13	B	drought	4	1	11.98	5.439	43.2	0.1259
2023_12_12A	Plate_3	H02 	SAI145_drought_4	SAI145	13	B	drought	4	2	11.95	5.507	43.2	0.12748
2023_12_12A	Plate_3	A03 	SAI182_water_1	SAI182	17	B	water	1	1	12.47	2.806	43	0.06526
2023_12_12A	Plate_3	A04 	SAI182_water_1	SAI182	17	B	water	1	2	12.49	2.767	43	0.06435
2023_12_12A	Plate_3	B03 	SAI182_water_2	SAI182	17	B	water	2	1	13.47	1.637	30.2	0.05421
2023_12_12A	Plate_3	B04 	SAI182_water_2	SAI182	17	B	water	2	2	13.66	1.478	30.2	0.04894
2023_12_12A	Plate_3	C03 	SAI182_water_3	SAI182	17	B	water	3	1	12.68	2.507	26.8	0.09354
2023_12_12A	Plate_3	C04 	SAI182_water_3	SAI182	17	B	water	3	2	12.59	2.623	26.8	0.09787
2023_12_12A	Plate_3	D03 	SAI182_water_4	SAI182	17	B	water	4	1	14.35	1.025	33	0.03106
2023_12_12A	Plate_3	D04 	SAI182_water_4	SAI182	17	B	water	4	2	14.38	1.007	33	0.03052
2023_12_12A	Plate_3	E03 	SAI182_drought_1	SAI182	17	B	drought	1	1	13.32	1.78	16.8	0.10595
2023_12_12A	Plate_3	E04 	SAI182_drought_1	SAI182	17	B	drought	1	2	13.3	1.793	16.8	0.10673
2023_12_12A	Plate_3	F03 	SAI182_drought_2	SAI182	17	B	drought	2	1	13.47	1.643	20.4	0.08054
2023_12_12A	Plate_3	F04 	SAI182_drought_2	SAI182	17	B	drought	2	2	13.68	1.468	20.4	0.07196
2023_12_12A	Plate_3	G03 	SAI182_drought_3	SAI182	17	B	drought	3	1	7.93	31.84	57.2	0.55664
2023_12_12A	Plate_3	G04 	SAI182_drought_3	SAI182	17	B	drought	3	2	7.93	31.82	57.2	0.55629
2023_12_12A	Plate_3	H03 	SAI182_drought_4	SAI182	17	B	drought	4	1	12.73	2.441	39.9	0.06118
2023_12_12A	Plate_3	H04 	SAI182_drought_4	SAI182	17	B	drought	4	2	12.85	2.288	39.9	0.05734
2023_12_12A	Plate_3	A05 	SAI186_water_1	SAI186	7	A	water	1	1	15	0.809	22.6	0.0358
2023_12_12A	Plate_3	A06 	SAI186_water_1	SAI186	7	A	water	1	2	15.09	0.7764	22.6	0.03435
2023_12_12A	Plate_3	B05 	SAI186_water_2	SAI186	7	A	water	2	1	16.42	0.4133	10.8	0.03827
2023_12_12A	Plate_3	B06 	SAI186_water_2	SAI186	7	A	water	2	2	16.27	0.4431	10.8	0.04103
2023_12_12A	Plate_3	C05 	SAI186_water_3	SAI186	7	A	water	3	1	15.31	0.7003	45	0.01556
2023_12_12A	Plate_3	C06 	SAI186_water_3	SAI186	7	A	water	3	2	15.32	0.6951	45	0.01545
2023_12_12A	Plate_3	D05 	SAI186_water_4	SAI186	7	A	water	4	1	15.05	0.7918	29.7	0.02666
2023_12_12A	Plate_3	D06 	SAI186_water_4	SAI186	7	A	water	4	2	15.02	0.8015	29.7	0.02699
2023_12_12A	Plate_3	E05 	SAI186_drought_1	SAI186	7	A	drought	1	1	12.7	2.404	16.4	0.14659
2023_12_12A	Plate_3	E06 	SAI186_drought_1	SAI186	7	A	drought	1	2	12.67	2.44	16.4	0.14878
2023_12_12A	Plate_3	F05 	SAI186_drought_2	SAI186	7	A	drought	2	1	15.18	0.7428	18.4	0.04037
2023_12_12A	Plate_3	F06 	SAI186_drought_2	SAI186	7	A	drought	2	2	15.35	0.6861	18.4	0.03729
2023_12_12A	Plate_3	G05 	SAI186_drought_3	SAI186	7	A	drought	3	1	16.1	0.4803	29.8	0.01612
2023_12_12A	Plate_3	G06 	SAI186_drought_3	SAI186	7	A	drought	3	2	16.17	0.4644	29.8	0.01558
2023_12_12A	Plate_3	H05 	SAI186_drought_4	SAI186	7	A	drought	4	1	15.3	0.7023	35.1	0.02001
2023_12_12A	Plate_3	H06 	SAI186_drought_4	SAI186	7	A	drought	4	2	15.64	0.5981	35.1	0.01704
2023_12_12A	Plate_3	A07 	SAI205_water_1	SAI205	21	B	water	1	1	13.27	1.847	18.1	0.10204
2023_12_12A	Plate_3	A08 	SAI205_water_1	SAI205	21	B	water	1	2	13.22	1.884	18.1	0.10409
2023_12_12A	Plate_3	B07 	SAI205_water_2	SAI205	21	B	water	2	1	12.57	2.543	23.6	0.10775
2023_12_12A	Plate_3	B08 	SAI205_water_2	SAI205	21	B	water	2	2	12.61	2.491	23.6	0.10555
2023_12_12A	Plate_3	C07 	SAI205_water_3	SAI205	21	B	water	3	1	13.07	2.021	25.4	0.07957
2023_12_12A	Plate_3	C08 	SAI205_water_3	SAI205	21	B	water	3	2	12.98	2.104	25.4	0.08283
2023_12_12A	Plate_3	D07 	SAI205_water_4	SAI205	21	B	water	4	1	15.77	0.5904	16.5	0.03578
2023_12_12A	Plate_3	D08 	SAI205_water_4	SAI205	21	B	water	4	2	15.83	0.5737	16.5	0.03477
2023_12_12A	Plate_3	E07 	SAI205_drought_1	SAI205	21	B	drought	1	1	14.56	1.025	25.8	0.03973
2023_12_12A	Plate_3	E08 	SAI205_drought_1	SAI205	21	B	drought	1	2	14.58	1.015	25.8	0.03934
2023_12_12A	Plate_3	F07 	SAI205_drought_2	SAI205	21	B	drought	2	1	14.48	1.062	28	0.03793
2023_12_12A	Plate_3	F08 	SAI205_drought_2	SAI205	21	B	drought	2	2	14.34	1.131	28	0.04039
2023_12_12A	Plate_3	G07 	SAI205_drought_3	SAI205	21	B	drought	3	1	14.5	1.052	18.2	0.0578
2023_12_12A	Plate_3	G08 	SAI205_drought_3	SAI205	21	B	drought	3	2	14.42	1.092	18.2	0.06
2023_12_12A	Plate_3	H07 	SAI205_drought_4	SAI205	21	B	drought	4	1	15.5	0.6657	21.5	0.03096
2023_12_12A	Plate_3	H08 	SAI205_drought_4	SAI205	21	B	drought	4	2	15.41	0.6947	21.5	0.03231
2023_12_12B	Plate_4	A01 	SAI208_water_1	SAI208	16	A	water	1	1	12.21	4.344	34	0.12776
2023_12_12B	Plate_4	A02 	SAI208_water_1	SAI208	16	A	water	1	2	12.04	4.719	34	0.13879
2023_12_12B	Plate_4	B01 	SAI208_water_2	SAI208	16	A	water	2	1	14.76	1.277	19	0.06721
2023_12_12B	Plate_4	B02 	SAI208_water_2	SAI208	16	A	water	2	2	14.81	1.25	19	0.06579
2023_12_12B	Plate_4	C01 	SAI208_water_3	SAI208	16	A	water	3	1	13.83	1.996	41.5	0.0481
2023_12_12B	Plate_4	C02 	SAI208_water_3	SAI208	16	A	water	3	2	13.9	1.935	41.5	0.04663
2023_12_12B	Plate_4	D01 	SAI208_water_4	SAI208	16	A	water	4	1	14.82	1.244	22.2	0.05604
2023_12_12B	Plate_4	D02 	SAI208_water_4	SAI208	16	A	water	4	2	14.74	1.29	22.2	0.05811
2023_12_12B	Plate_4	E01 	SAI208_drought_1	SAI208	16	A	drought	1	1	11.93	4.984	48.5	0.10276
2023_12_12B	Plate_4	E02 	SAI208_drought_1	SAI208	16	A	drought	1	2	11.79	5.337	48.5	0.11004
2023_12_12B	Plate_4	F01 	SAI208_drought_2	SAI208	16	A	drought	2	1	13.08	2.862	38.8	0.07376
2023_12_12B	Plate_4	F02 	SAI208_drought_2	SAI208	16	A	drought	2	2	13.05	2.913	38.8	0.07508
2023_12_12B	Plate_4	G01 	SAI208_drought_3	SAI208	16	A	drought	3	1	14.4	1.52	35.3	0.04306
2023_12_12B	Plate_4	G02 	SAI208_drought_3	SAI208	16	A	drought	3	2	14.55	1.415	35.3	0.04008
2023_12_12B	Plate_4	A03 	SAI214_water_1	SAI214	10	B	water	1	1	16.67	0.2266	4.31	0.05258
2023_12_12B	Plate_4	A04 	SAI214_water_1	SAI214	10	B	water	1	2	16.59	0.2384	4.31	0.05531
2023_12_12B	Plate_4	B03 	SAI214_water_2	SAI214	10	B	water	2	1	15.6	0.4332	20.8	0.02083
2023_12_12B	Plate_4	B04 	SAI214_water_2	SAI214	10	B	water	2	2	15.7	0.407	20.8	0.01957
2023_12_12B	Plate_4	C03 	SAI214_water_3	SAI214	10	B	water	3	1	14.71	0.7414	12.3	0.06028
2023_12_12B	Plate_4	C04 	SAI214_water_3	SAI214	10	B	water	3	2	14.66	0.7654	12.3	0.06223
2023_12_12B	Plate_4	D03 	SAI214_water_4	SAI214	10	B	water	4	1	15.77	0.3917	18.4	0.02129
2023_12_12B	Plate_4	D04 	SAI214_water_4	SAI214	10	B	water	4	2	15.87	0.367	18.4	0.01995
2023_12_12B	Plate_4	E03 	SAI214_drought_1	SAI214	10	B	drought	1	1	15.16	0.567	22.1	0.02566
2023_12_12B	Plate_4	E04 	SAI214_drought_1	SAI214	10	B	drought	1	2	15.05	0.6048	22.1	0.02737
2023_12_12B	Plate_4	F03 	SAI214_drought_2	SAI214	10	B	drought	2	1	14.77	0.716	27.1	0.02642
2023_12_12B	Plate_4	F04 	SAI214_drought_2	SAI214	10	B	drought	2	2	14.85	0.6808	27.1	0.02512
2023_12_12B	Plate_4	G03 	SAI214_drought_3	SAI214	10	B	drought	3	1	13.62	1.442	22.4	0.06438
2023_12_12B	Plate_4	G04 	SAI214_drought_3	SAI214	10	B	drought	3	2	13.34	1.7	22.4	0.07589
2023_12_12B	Plate_4	H03 	SAI214_drought_4	SAI214	10	B	drought	4	1	16.12	0.3171	23.7	0.01338
2023_12_12B	Plate_4	H04 	SAI214_drought_4	SAI214	10	B	drought	4	2	16.13	0.315	23.7	0.01329
2023_12_12B	Plate_4	A05 	SAI216_water_1	SAI216	11	B	water	1	1	15.19	0.5908	20	0.02954
2023_12_12B	Plate_4	A06 	SAI216_water_1	SAI216	11	B	water	1	2	15.21	0.5848	20	0.02924
2023_12_12B	Plate_4	B05 	SAI216_water_2	SAI216	11	B	water	2	1	16.59	0.3099	12.5	0.02479
2023_12_12B	Plate_4	B06 	SAI216_water_2	SAI216	11	B	water	2	2	16.62	0.3062	12.5	0.0245
2023_12_12B	Plate_4	C05 	SAI216_water_3	SAI216	11	B	water	3	1	17.03	0.2537	14.5	0.0175
2023_12_12B	Plate_4	C06 	SAI216_water_3	SAI216	11	B	water	3	2	17.09	0.2463	14.5	0.01699
2023_12_12B	Plate_4	D05 	SAI216_water_4	SAI216	11	B	water	4	1	15.67	0.4729	24.4	0.01938
2023_12_12B	Plate_4	D06 	SAI216_water_4	SAI216	11	B	water	4	2	15.82	0.4414	24.4	0.01809
2023_12_12B	Plate_4	E05 	SAI216_drought_1	SAI216	11	B	drought	1	1	16.99	0.2585	23.7	0.01091
2023_12_12B	Plate_4	E06 	SAI216_drought_1	SAI216	11	B	drought	1	2	16.94	0.2634	23.7	0.01111
2023_12_12B	Plate_4	F05 	SAI216_drought_2	SAI216	11	B	drought	2	1	15.16	0.5986	43.8	0.01367
2023_12_12B	Plate_4	F06 	SAI216_drought_2	SAI216	11	B	drought	2	2	15.2	0.5879	43.8	0.01342
2023_12_12B	Plate_4	G05 	SAI216_drought_3	SAI216	11	B	drought	3	1	13.6	1.227	40	0.03068
2023_12_12B	Plate_4	G06 	SAI216_drought_3	SAI216	11	B	drought	3	2	13.57	1.242	40	0.03105
2023_12_12B	Plate_4	H05 	SAI216_drought_4	SAI216	11	B	drought	4	1	13.67	1.187	30.1	0.03944
2023_12_12B	Plate_4	H06 	SAI216_drought_4	SAI216	11	B	drought	4	2	13.66	1.195	30.1	0.0397
2023_12_12B	Plate_4	A07 	SAI227_water_1	SAI227	1	A	water	1	1	16.76	0.2535	36.2	0.007
2023_12_12B	Plate_4	A08 	SAI227_water_1	SAI227	1	A	water	1	2	16.73	0.258	36.2	0.00713
2023_12_12B	Plate_4	B07 	SAI227_water_2	SAI227	1	A	water	2	1	13.85	1.073	42.6	0.02519
2023_12_12B	Plate_4	B08 	SAI227_water_2	SAI227	1	A	water	2	2	13.88	1.057	42.6	0.02481
2023_12_12B	Plate_4	C07 	SAI227_water_3	SAI227	1	A	water	3	1	15.3	0.5231	36	0.01453
2023_12_12B	Plate_4	C08 	SAI227_water_3	SAI227	1	A	water	3	2	15.22	0.544	36	0.01511
2023_12_12B	Plate_4	D07 	SAI227_water_4	SAI227	1	A	water	4	1	15.6	0.452	34.5	0.0131
2023_12_12B	Plate_4	D08 	SAI227_water_4	SAI227	1	A	water	4	2	15.66	0.4373	34.5	0.01268
2023_12_12B	Plate_4	E07 	SAI227_drought_1	SAI227	1	A	drought	1	1	15.31	0.5205	9.39	0.05543
2023_12_12B	Plate_4	E08 	SAI227_drought_1	SAI227	1	A	drought	1	2	15.28	0.5294	9.39	0.05638
2023_12_12B	Plate_4	F07 	SAI227_drought_2	SAI227	1	A	drought	2	1	13.23	1.457	17.1	0.0852
2023_12_12B	Plate_4	F08 	SAI227_drought_2	SAI227	1	A	drought	2	2	13.28	1.424	17.1	0.08327
2023_12_12B	Plate_4	G07 	SAI227_drought_3	SAI227	1	A	drought	3	1	15.8	0.4076	25.2	0.01617
2023_12_12B	Plate_4	G08 	SAI227_drought_3	SAI227	1	A	drought	3	2	15.88	0.3918	25.2	0.01555
2023_12_12B	Plate_4	H07 	SAI227_drought_4	SAI227	1	A	drought	4	1	14.87	0.6488	21.9	0.02963
2023_12_12B	Plate_4	H08 	SAI227_drought_4	SAI227	1	A	drought	4	2	14.8	0.6688	21.9	0.03054
2024_03_28	Plate_5	A01 	SAI001_water_1	SAI001	1	C	water	1	1	11.83	3.211	23.3	0.13781
2024_03_28	Plate_5	A02 	SAI001_water_1	SAI001	1	C	water	1	2	11.76	3.377	23.3	0.14494
2024_03_28	Plate_5	A03 	SAI025_water_1	SAI025	2	C	water	1	1	13.1	1.405	13.5	0.10407
2024_03_28	Plate_5	A04 	SAI025_water_1	SAI025	2	C	water	1	2	13.31	1.228	13.5	0.09096
2024_03_28	Plate_5	A05 	SAI170_water_1	SAI170	19	C	water	1	1	15.88	0.2301	10.1	0.02278
2024_03_28	Plate_5	A06 	SAI170_water_1	SAI170	19	C	water	1	2	15.8	0.2431	10.1	0.02407
2024_03_28	Plate_5	A07 	Mock_water_1	Mock	0	C	water	1	1	23.86	0.00129	9.65	0.00013
2024_03_28	Plate_5	A08 	Mock_water_1	Mock	0	C	water	1	2	23.71	0.00142	9.65	0.00015
2024_03_28	Plate_5	B01 	SAI001_water_2	SAI001	1	C	water	2	1	13.07	1.432	16.7	0.08575
2024_03_28	Plate_5	B02 	SAI001_water_2	SAI001	1	C	water	2	2	13.14	1.373	16.7	0.08222
2024_03_28	Plate_5	B03 	SAI025_water_2	SAI025	2	C	water	2	1	12.7	1.825	19.5	0.09359
2024_03_28	Plate_5	B04 	SAI025_water_2	SAI025	2	C	water	2	2	12.7	1.827	19.5	0.09369
2024_03_28	Plate_5	B05 	SAI170_water_2	SAI170	19	C	water	2	1	14.23	0.677	12.5	0.05416
2024_03_28	Plate_5	B06 	SAI170_water_2	SAI170	19	C	water	2	2	13.98	0.7948	12.5	0.06358
2024_03_28	Plate_5	B07 	Mock_water_2	Mock	0	C	water	2	1	24.14	0.00107	16	0.00007
2024_03_28	Plate_5	B08 	Mock_water_2	Mock	0	C	water	2	2	24.23	0.00101	16	0.00006
2024_03_28	Plate_5	C01 	SAI001_water_3	SAI001	1	C	water	3	1	14.73	0.4889	13.3	0.03676
2024_03_28	Plate_5	C02 	SAI001_water_3	SAI001	1	C	water	3	2	14.68	0.5052	13.3	0.03798
2024_03_28	Plate_5	C03 	SAI025_water_3	SAI025	2	C	water	3	1	11.66	3.599	15	0.23993
2024_03_28	Plate_5	C04 	SAI025_water_3	SAI025	2	C	water	3	2	11.77	3.352	15	0.22347
2024_03_28	Plate_5	C05 	SAI170_water_3	SAI170	19	C	water	3	1	12.47	2.116	17.6	0.12023
2024_03_28	Plate_5	C06 	SAI170_water_3	SAI170	19	C	water	3	2	12.21	2.513	17.6	0.14278
2024_03_28	Plate_5	C07 	Mock_water_3	Mock	0	C	water	3	1	24.43	0.00089	11.4	0.00008
2024_03_28	Plate_5	C08 	Mock_water_3	Mock	0	C	water	3	2	24.5	0.00085	11.4	0.00007
2024_03_28	Plate_5	D01 	SAI001_water_4	SAI001	1	C	water	4	1	12.65	1.887	22.2	0.085
2024_03_28	Plate_5	D02 	SAI001_water_4	SAI001	1	C	water	4	2	12.64	1.903	22.2	0.08572
2024_03_28	Plate_5	D03 	SAI025_water_4	SAI025	2	C	water	4	1	12.8	1.712	18	0.09511
2024_03_28	Plate_5	D04 	SAI025_water_4	SAI025	2	C	water	4	2	12.81	1.703	18	0.09461
2024_03_28	Plate_5	D05 	SAI170_water_4	SAI170	19	C	water	4	1	12.32	2.332	16.3	0.14307
2024_03_28	Plate_5	D06 	SAI170_water_4	SAI170	19	C	water	4	2	12.35	2.298	16.3	0.14098
2024_03_28	Plate_5	D07 	Mock_water_4	Mock	0	C	water	4	1	24.67	0.00076	12.4	0.00006
2024_03_28	Plate_5	D08 	Mock_water_4	Mock	0	C	water	4	2	24.63	0.00078	12.4	0.00006
2024_03_28	Plate_5	E01 	SAI001_drought_1	SAI001	1	C	drought	1	1	14.43	0.5942	25.9	0.02294
2024_03_28	Plate_5	E02 	SAI001_drought_1	SAI001	1	C	drought	1	2	14.62	0.5223	25.9	0.02017
2024_03_28	Plate_5	E03 	SAI025_drought_1	SAI025	2	C	drought	1	1	9.76	12.4	54	0.22963
2024_03_28	Plate_5	E04 	SAI025_drought_1	SAI025	2	C	drought	1	2	9.78	12.24	54	0.22667
2024_03_28	Plate_5	E05 	SAI170_drought_1	SAI170	19	C	drought	1	1	12.73	1.788	34.7	0.05153
2024_03_28	Plate_5	E06 	SAI170_drought_1	SAI170	19	C	drought	1	2	12.82	1.691	34.7	0.04873
2024_03_28	Plate_5	E07 	Mock_drought_1	Mock	0	C	drought	1	1	23.03	0.0022	29.3	0.00008
2024_03_28	Plate_5	E08 	Mock_drought_1	Mock	0	C	drought	1	2	23.1	0.0021	29.3	0.00007
2024_03_28	Plate_5	F01 	SAI001_drought_2	SAI001	1	C	drought	2	1	12.06	2.766	42.2	0.06555
2024_03_28	Plate_5	F02 	SAI001_drought_2	SAI001	1	C	drought	2	2	12.06	2.762	42.2	0.06545
2024_03_28	Plate_5	F03 	SAI025_drought_2	SAI025	2	C	drought	2	1	8.76	23.64	71.7	0.32971
2024_03_28	Plate_5	F04 	SAI025_drought_2	SAI025	2	C	drought	2	2	8.96	20.77	71.7	0.28968
2024_03_28	Plate_5	F05 	SAI170_drought_2	SAI170	19	C	drought	2	1	13.88	0.8476	35.7	0.02374
2024_03_28	Plate_5	F06 	SAI170_drought_2	SAI170	19	C	drought	2	2	13.87	0.8546	35.7	0.02394
2024_03_28	Plate_5	F07 	Mock_drought_2	Mock	0	C	drought	2	1	22.66	0.0028	29.1	0.0001
2024_03_28	Plate_5	F08 	Mock_drought_2	Mock	0	C	drought	2	2	22.71	0.00272	29.1	0.00009
2024_03_28	Plate_5	G01 	SAI001_drought_3	SAI001	1	C	drought	3	1	12.41	2.207	40.9	0.05396
2024_03_28	Plate_5	G02 	SAI001_drought_3	SAI001	1	C	drought	3	2	12.05	2.791	40.9	0.06824
2024_03_28	Plate_5	G03 	SAI025_drought_3	SAI025	2	C	drought	3	1	8.81	22.89	61.2	0.37402
2024_03_28	Plate_5	G04 	SAI025_drought_3	SAI025	2	C	drought	3	2	8.85	22.33	61.2	0.36487
2024_03_28	Plate_5	G05 	SAI170_drought_3	SAI170	19	C	drought	3	1	11.35	4.384	39.5	0.11099
2024_03_28	Plate_5	G06 	SAI170_drought_3	SAI170	19	C	drought	3	2	11.33	4.439	39.5	0.11238
2024_03_28	Plate_5	G07 	Mock_drought_3	Mock	0	C	drought	3	1	23.07	0.00215	28.2	0.00008
2024_03_28	Plate_5	G08 	Mock_drought_3	Mock	0	C	drought	3	2	23.06	0.00216	28.2	0.00008
2024_03_28	Plate_5	H01 	SAI001_drought_4	SAI001	1	C	drought	4	1	17.03	0.1092	40.5	0.0027
2024_03_28	Plate_5	H02 	SAI001_drought_4	SAI001	1	C	drought	4	2	17	0.1112	40.5	0.00275
2024_03_28	Plate_5	H03 	SAI025_drought_4	SAI025	2	C	drought	4	1	11.65	3.627	23.3	0.15567
2024_03_28	Plate_5	H04 	SAI025_drought_4	SAI025	2	C	drought	4	2	11.79	3.301	23.3	0.14167
2024_03_28	Plate_5	H05 	SAI170_drought_4	SAI170	19	C	drought	4	1	11.14	5.042	38.3	0.13164
2024_03_28	Plate_5	H06 	SAI170_drought_4	SAI170	19	C	drought	4	2	11.19	4.889	38.3	0.12765
2024_03_28	Plate_5	H07 	Mock_drought_4	Mock	0	C	drought	4	1	23.56	0.00156	25.4	0.00006
2024_03_28	Plate_5	H08 	Mock_drought_4	Mock	0	C	drought	4	2	23.48	0.00164	25.4	0.00006
2024_04_04	Plate_6	A01 	SAI176_water_1	SAI176	20	C	water	1	1	11.29	5.373	24.4	0.2202
2024_04_04	Plate_6	A02 	SAI176_water_1	SAI176	20	C	water	1	2	11.24	5.529	24.4	0.2266
2024_04_04	Plate_6	A03 	SAI229_water_1	SAI229	9	C	water	1	1	12.05	3.284	13	0.25262
2024_04_04	Plate_6	A04 	SAI229_water_1	SAI229	9	C	water	1	2	12.12	3.137	13	0.24131
2024_04_04	Plate_6	B01 	SAI176_water_2	SAI176	20	C	water	2	1	11.66	4.225	18.8	0.22473
2024_04_04	Plate_6	B02 	SAI176_water_2	SAI176	20	C	water	2	2	11.64	4.269	18.8	0.22707
2024_04_04	Plate_6	B03 	SAI229_water_2	SAI229	9	C	water	2	1	12.27	2.861	14.9	0.19201
2024_04_04	Plate_6	B04 	SAI229_water_2	SAI229	9	C	water	2	2	12.23	2.92	14.9	0.19597
2024_04_04	Plate_6	C01 	SAI176_water_3	SAI176	20	C	water	3	1	11.67	4.186	18.5	0.22627
2024_04_04	Plate_6	C02 	SAI176_water_3	SAI176	20	C	water	3	2	11.72	4.065	18.5	0.21973
2024_04_04	Plate_6	C03 	SAI229_water_3	SAI229	9	C	water	3	1	12.65	2.236	13.3	0.16812
2024_04_04	Plate_6	C04 	SAI229_water_3	SAI229	9	C	water	3	2	12.5	2.464	13.3	0.18526
2024_04_04	Plate_6	D01 	SAI176_water_4	SAI176	20	C	water	4	1	13.19	1.579	19.3	0.08181
2024_04_04	Plate_6	D02 	SAI176_water_4	SAI176	20	C	water	4	2	13.21	1.558	19.3	0.08073
2024_04_04	Plate_6	D03 	SAI229_water_4	SAI229	9	C	water	4	1	13.48	1.314	17.6	0.07466
2024_04_04	Plate_6	D04 	SAI229_water_4	SAI229	9	C	water	4	2	13.47	1.316	17.6	0.07477
2024_04_04	Plate_6	E01 	SAI176_drought_1	SAI176	20	C	drought	1	1	10.31	10.06	30.6	0.32876
2024_04_04	Plate_6	E02 	SAI176_drought_1	SAI176	20	C	drought	1	2	10.46	9.102	30.6	0.29745
2024_04_04	Plate_6	E03 	SAI229_drought_1	SAI229	9	C	drought	1	1	14.55	0.6577	30.1	0.02185
2024_04_04	Plate_6	E04 	SAI229_drought_1	SAI229	9	C	drought	1	2	14.64	0.6216	30.1	0.02065
2024_04_04	Plate_6	F01 	SAI176_drought_2	SAI176	20	C	drought	2	1	12.33	2.737	26.7	0.10251
2024_04_04	Plate_6	F02 	SAI176_drought_2	SAI176	20	C	drought	2	2	12.27	2.852	26.7	0.10682
2024_04_04	Plate_6	F03 	SAI229_drought_2	SAI229	9	C	drought	2	1	13.4	1.377	17.4	0.07914
2024_04_04	Plate_6	F04 	SAI229_drought_2	SAI229	9	C	drought	2	2	13.38	1.394	17.4	0.08011
2024_04_04	Plate_6	G01 	SAI176_drought_3	SAI176	20	C	drought	3	1	10.75	7.56	35.9	0.21058
2024_04_04	Plate_6	G02 	SAI176_drought_3	SAI176	20	C	drought	3	2	10.72	7.749	35.9	0.21585
2024_04_04	Plate_6	G03 	SAI229_drought_3	SAI229	9	C	drought	3	1	15.57	0.3415	28.2	0.01211
2024_04_04	Plate_6	G04 	SAI229_drought_3	SAI229	9	C	drought	3	2	15.7	0.3152	28.2	0.01118
2024_04_04	Plate_6	H01 	SAI176_drought_4	SAI176	20	C	drought	4	1	8.01	44.12	57	0.77404
2024_04_04	Plate_6	H02 	SAI176_drought_4	SAI176	20	C	drought	4	2	8.83	26.07	57	0.45737
2024_04_04	Plate_6	H03 	SAI229_drought_4	SAI229	9	C	drought	4	1	15.69	0.3165	28	0.0113
2024_04_04	Plate_6	H04 	SAI229_drought_4	SAI229	9	C	drought	4	2	15.62	0.3316	28	0.01184
2024_10_21	Plate_7	A01	SAI041_water_1	SAI041	16	D	water	1	1	11.82137	3.85331	9.07	0.42484
2024_10_21	Plate_7	A02	SAI041_water_1	SAI041	16	D	water	1	2	11.82195	3.85211	9.07	0.42471
2024_10_21	Plate_7	A03	SAI083_drought_1	SAI083	4	D	drought	1	1	13.28815	1.75199	14.6	0.12
2024_10_21	Plate_7	A04	SAI083_drought_1	SAI083	4	D	drought	1	2	13.2134	1.8238	14.6	0.12492
2024_10_21	Plate_7	A05	SAI089_water_1	SAI089	4	D	water	1	1	10.71498	6.98285	7.24	0.96448
2024_10_21	Plate_7	A06	SAI089_water_1	SAI089	4	D	water	1	2	10.69013	7.07674	7.24	0.97745
2024_10_21	Plate_7	A07	SAI090_water_1	SAI090	16	D	water	1	1	12.76081	2.32594	3.17	0.73373
2024_10_21	Plate_7	A08	SAI090_water_1	SAI090	16	D	water	1	2	12.68413	2.42377	3.17	0.7646
2024_10_21	Plate_7	A09	SAI104_water_1	SAI104	0	D	water	1	1	14.60259	0.86453	2.9	0.29812
2024_10_21	Plate_7	A10	SAI104_water_1	SAI104	0	D	water	1	2	14.50003	0.91351	2.9	0.315
2024_10_21	Plate_7	B01	SAI041_water_2	SAI041	16	D	water	2	1	11.59337	4.35555	9.54	0.45656
2024_10_21	Plate_7	B02	SAI041_water_2	SAI041	16	D	water	2	2	11.6243	4.28375	9.54	0.44903
2024_10_21	Plate_7	B03	SAI083_drought_2	SAI083	4	D	drought	2	1	11.67859	4.1606	13.1	0.3176
2024_10_21	Plate_7	B04	SAI083_drought_2	SAI083	4	D	drought	2	2	11.60498	4.32846	13.1	0.33042
2024_10_21	Plate_7	B05	SAI089_water_2	SAI089	4	D	water	2	1	11.88721	3.71937	6.37	0.58389
2024_10_21	Plate_7	B06	SAI089_water_2	SAI089	4	D	water	2	2	11.83557	3.82402	6.37	0.60032
2024_10_21	Plate_7	B07	SAI090_water_2	SAI090	16	D	water	2	1	10.75273	6.84265	7.25	0.94381
2024_10_21	Plate_7	B08	SAI090_water_2	SAI090	16	D	water	2	2	10.76142	6.81077	7.25	0.93942
2024_10_21	Plate_7	B09	SAI104_water_2	SAI104	0	D	water	2	1	13.06695	1.97313	3.17	0.62244
2024_10_21	Plate_7	B10	SAI104_water_2	SAI104	0	D	water	2	2	13.07507	1.96453	3.17	0.61973
2024_10_21	Plate_7	C01	SAI041_water_3	SAI041	16	D	water	3	1	13.62373	1.46291	6.49	0.22541
2024_10_21	Plate_7	C02	SAI041_water_3	SAI041	16	D	water	3	2	13.63841	1.45142	6.49	0.22364
2024_10_21	Plate_7	C03	SAI083_drought_3	SAI083	4	D	drought	3	1	12.04967	3.40844	15.7	0.2171
2024_10_21	Plate_7	C04	SAI083_drought_3	SAI083	4	D	drought	3	2	11.99696	3.50638	15.7	0.22334
2024_10_21	Plate_7	C05	SAI089_water_3	SAI089	4	D	water	3	1	13.74618	1.36975	4.63	0.29584
2024_10_21	Plate_7	C06	SAI089_water_3	SAI089	4	D	water	3	2	12.94875	2.10251	4.63	0.45411
2024_10_21	Plate_7	C07	SAI090_water_3	SAI090	16	D	water	3	1	12.87544	2.18699	5.63	0.38845
2024_10_21	Plate_7	C08	SAI090_water_3	SAI090	16	D	water	3	2	12.83732	2.23225	5.63	0.39649
2024_10_21	Plate_7	C09	SAI104_water_3	SAI104	0	D	water	3	1	13.81067	1.3231	3.96	0.33412
2024_10_21	Plate_7	C10	SAI104_water_3	SAI104	0	D	water	3	2	13.73719	1.37639	3.96	0.34757
2024_10_21	Plate_7	D01	SAI041_water_4	SAI041	16	D	water	4	1	11.36886	4.91404	7.47	0.65784
2024_10_21	Plate_7	D02	SAI041_water_4	SAI041	16	D	water	4	2	11.16831	5.47317	7.47	0.73269
2024_10_21	Plate_7	D03	SAI083_drought_4	SAI083	4	D	drought	4	1	14.98373	0.70442	17.5	0.04025
2024_10_21	Plate_7	D04	SAI083_drought_4	SAI083	4	D	drought	4	2	14.98832	0.70269	17.5	0.04015
2024_10_21	Plate_7	D05	SAI089_water_4	SAI089	4	D	water	4	1	11.18751	5.417	7.8	0.69449
2024_10_21	Plate_7	D06	SAI089_water_4	SAI089	4	D	water	4	2	11.19218	5.40342	7.8	0.69275
2024_10_21	Plate_7	D07	SAI090_water_4	SAI090	16	D	water	4	1	12.90212	2.15586	3.18	0.67794
2024_10_21	Plate_7	D08	SAI090_water_4	SAI090	16	D	water	4	2	12.12887	3.26643	3.18	1.02718
2024_10_21	Plate_7	D09	SAI104_water_4	SAI104	0	D	water	4	1	13.02387	2.01933	3.52	0.57367
2024_10_21	Plate_7	D10	SAI104_water_4	SAI104	0	D	water	4	2	12.93593	2.11704	3.52	0.60143
2024_10_21	Plate_7	E01	SAI041_drought_1	SAI041	16	D	drought	1	1	11.94699	3.6018	12	0.30015
2024_10_21	Plate_7	E02	SAI041_drought_1	SAI041	16	D	drought	1	2	11.99433	3.51132	12	0.29261
2024_10_21	Plate_7	E03	SAI083_water_1	SAI083	4	D	water	1	1	12.40463	2.81656	5.12	0.55011
2024_10_21	Plate_7	E04	SAI083_water_1	SAI083	4	D	water	1	2	12.72336	2.37322	5.12	0.46352
2024_10_21	Plate_7	E05	SAI089_drought_1	SAI089	4	D	drought	1	1	11.69416	4.12592	6.55	0.62991
2024_10_21	Plate_7	E06	SAI089_drought_1	SAI089	4	D	drought	1	2	11.67372	4.17149	6.55	0.63687
2024_10_21	Plate_7	E07	SAI090_drought_1	SAI090	16	D	drought	1	1	12.30104	2.97779	11	0.27071
2024_10_21	Plate_7	E08	SAI090_drought_1	SAI090	16	D	drought	1	2	12.20623	3.13343	11	0.28486
2024_10_21	Plate_7	E09	SAI104_drought_1	SAI104	0	D	drought	1	1	12.03937	3.42737	8.59	0.399
2024_10_21	Plate_7	E10	SAI104_drought_1	SAI104	0	D	drought	1	2	12.02321	3.45725	8.59	0.40247
2024_10_21	Plate_7	F01	SAI041_drought_2	SAI041	16	D	drought	2	1	9.63888	12.44981	26.7	0.46629
2024_10_21	Plate_7	F02	SAI041_drought_2	SAI041	16	D	drought	2	2	9.57372	12.89344	26.7	0.4829
2024_10_21	Plate_7	F03	SAI083_water_2	SAI083	4	D	water	2	1	13.06089	1.97956	2.17	0.91224
2024_10_21	Plate_7	F04	SAI083_water_2	SAI083	4	D	water	2	2	12.90527	2.15222	2.17	0.99181
2024_10_21	Plate_7	F05	SAI089_drought_2	SAI089	4	D	drought	2	1	13.59116	1.48874	8.92	0.1669
2024_10_21	Plate_7	F06	SAI089_drought_2	SAI089	4	D	drought	2	2	13.61742	1.46788	8.92	0.16456
2024_10_21	Plate_7	F07	SAI090_drought_2	SAI090	16	D	drought	2	1	10.17029	9.35724	13.4	0.6983
2024_10_21	Plate_7	F08	SAI090_drought_2	SAI090	16	D	drought	2	2	10.1469	9.47558	13.4	0.70713
2024_10_21	Plate_7	F09	SAI104_drought_2	SAI104	0	D	drought	2	1	14.95284	0.71622	6.59	0.10868
2024_10_21	Plate_7	F10	SAI104_drought_2	SAI104	0	D	drought	2	2	14.86728	0.74991	6.59	0.1138
2024_10_21	Plate_7	G01	SAI041_drought_3	SAI041	16	D	drought	3	1	9.59741	12.73036	35.1	0.36269
2024_10_21	Plate_7	G02	SAI041_drought_3	SAI041	16	D	drought	3	2	9.61119	12.63642	35.1	0.36001
2024_10_21	Plate_7	G03	SAI083_water_3	SAI083	4	D	water	3	1	11.9353	3.62449	7.46	0.48586
2024_10_21	Plate_7	G04	SAI083_water_3	SAI083	4	D	water	3	2	12.00056	3.49959	7.46	0.46911
2024_10_21	Plate_7	G05	SAI089_drought_3	SAI089	4	D	drought	3	1	12.74623	2.34423	9.04	0.25932
2024_10_21	Plate_7	G06	SAI089_drought_3	SAI089	4	D	drought	3	2	12.72926	2.3657	9.04	0.26169
2024_10_21	Plate_7	G07	SAI090_drought_3	SAI090	16	D	drought	3	1	10.23208	9.05166	16.5	0.54859
2024_10_21	Plate_7	G08	SAI090_drought_3	SAI090	16	D	drought	3	2	10.12406	9.59262	16.5	0.58137
2024_10_21	Plate_7	G09	SAI104_drought_3	SAI104	0	D	drought	3	1	12.67902	2.43045	9.41	0.25828
2024_10_21	Plate_7	G10	SAI104_drought_3	SAI104	0	D	drought	3	2	12.63389	2.4901	9.41	0.26462
2024_10_21	Plate_7	H01	SAI041_drought_4	SAI041	16	D	drought	4	1	10.65671	7.20494	17.7	0.40706
2024_10_21	Plate_7	H02	SAI041_drought_4	SAI041	16	D	drought	4	2	10.59984	7.42853	17.7	0.41969
2024_10_21	Plate_7	H03	SAI083_water_4	SAI083	4	D	water	4	1	14.54647	0.891	5.58	0.15968
2024_10_21	Plate_7	H04	SAI083_water_4	SAI083	4	D	water	4	2	14.49051	0.9182	5.58	0.16455
2024_10_21	Plate_7	H05	SAI089_drought_4	SAI089	4	D	drought	4	1	12.91841	2.13707	10.9	0.19606
2024_10_21	Plate_7	H06	SAI089_drought_4	SAI089	4	D	drought	4	2	12.91848	2.13699	10.9	0.19605
2024_10_21	Plate_7	H07	SAI090_drought_4	SAI090	16	D	drought	4	1	13.42546	1.62737	10	0.16274
2024_10_21	Plate_7	H08	SAI090_drought_4	SAI090	16	D	drought	4	2	13.0352	2.00708	10	0.20071
2024_10_21	Plate_7	H09	SAI104_drought_4	SAI104	0	D	drought	4	1	11.23021	5.29412	12	0.44118
2024_10_21	Plate_7	H10	SAI104_drought_4	SAI104	0	D	drought	4	2	10.9817	6.05047	12	0.50421
2024_10_23A	Plate_8	A01	SAI110_water_1	SAI110	21	D	water	1	1	11.56201	4.31573	8.45	0.51074
2024_10_23A	Plate_8	A02	SAI110_water_1	SAI110	21	D	water	1	2	11.67544	4.09216	8.45	0.48428
2024_10_23A	Plate_8	A03	SAI124_water_1	SAI124	16	D	water	1	1	11.23133	5.03971	7.59	0.66399
2024_10_23A	Plate_8	A04	SAI124_water_1	SAI124	16	D	water	1	2	11.09777	5.36547	7.59	0.70691
2024_10_23A	Plate_8	A05	SAI126_water_1	SAI126	15	D	water	1	1	12.71385	2.51454	2.12	1.1861
2024_10_23A	Plate_8	A06	SAI126_water_1	SAI126	15	D	water	1	2	12.69086	2.5418	2.12	1.19896
2024_10_23A	Plate_8	A07	SAI133_water_1	SAI133	16	D	water	1	1	12.48834	2.79503	6.33	0.44155
2024_10_23A	Plate_8	A08	SAI133_water_1	SAI133	16	D	water	1	2	12.30577	3.0449	6.33	0.48103
2024_10_23A	Plate_8	A09	SAI072_water_1	SAI072	8	E	water	1	1	13.5297	1.71511	14.1	0.12164
2024_10_23A	Plate_8	A10	SAI072_water_1	SAI072	8	E	water	1	2	13.51538	1.72667	14.1	0.12246
2024_10_23A	Plate_8	B01	SAI110_water_2	SAI110	21	D	water	2	1	13.29964	1.91051	5.42	0.35249
2024_10_23A	Plate_8	B02	SAI110_water_2	SAI110	21	D	water	2	2	13.2941	1.91548	5.42	0.35341
2024_10_23A	Plate_8	B03	SAI124_water_2	SAI124	16	D	water	2	1	8.9468	14.71293	15	0.98086
2024_10_23A	Plate_8	B04	SAI124_water_2	SAI124	16	D	water	2	2	9.01837	14.22732	15	0.94849
2024_10_23A	Plate_8	B05	SAI126_water_2	SAI126	15	D	water	2	1	9.7559	10.06719	9.56	1.05305
2024_10_23A	Plate_8	B06	SAI126_water_2	SAI126	15	D	water	2	2	9.77529	9.97608	9.56	1.04352
2024_10_23A	Plate_8	B07	SAI133_water_2	SAI133	16	D	water	2	1	12.3614	2.96648	7.33	0.4047
2024_10_23A	Plate_8	B08	SAI133_water_2	SAI133	16	D	water	2	2	12.25269	3.12165	7.33	0.42587
2024_10_23A	Plate_8	B09	SAI072_water_2	SAI072	8	E	water	2	1	13.11263	2.08563	12.2	0.17095
2024_10_23A	Plate_8	B10	SAI072_water_2	SAI072	8	E	water	2	2	13.12041	2.07803	12.2	0.17033
2024_10_23A	Plate_8	C01	SAI110_water_3	SAI110	21	D	water	3	1	11.50319	4.43645	7.73	0.57393
2024_10_23A	Plate_8	C02	SAI110_water_3	SAI110	21	D	water	3	2	11.25248	4.98996	7.73	0.64553
2024_10_23A	Plate_8	C03	SAI124_water_3	SAI124	16	D	water	3	1	9.53768	11.15202	15.5	0.71948
2024_10_23A	Plate_8	C04	SAI124_water_3	SAI124	16	D	water	3	2	9.58448	10.90994	15.5	0.70387
2024_10_23A	Plate_8	C05	SAI126_water_3	SAI126	15	D	water	3	1	10.71866	6.40947	5.34	1.20028
2024_10_23A	Plate_8	C06	SAI126_water_3	SAI126	15	D	water	3	2	10.74159	6.3409	5.34	1.18743
2024_10_23A	Plate_8	C07	SAI133_water_3	SAI133	16	D	water	3	1	11.41739	4.61859	8.17	0.56531
2024_10_23A	Plate_8	C08	SAI133_water_3	SAI133	16	D	water	3	2	11.28286	4.91938	8.17	0.60213
2024_10_23A	Plate_8	C09	SAI072_water_3	SAI072	8	E	water	3	1	13.60179	1.6581	13.3	0.12467
2024_10_23A	Plate_8	C10	SAI072_water_3	SAI072	8	E	water	3	2	13.57042	1.68267	13.3	0.12652
2024_10_23A	Plate_8	D01	SAI110_water_4	SAI110	21	D	water	4	1	12.25531	3.1178	5.95	0.524
2024_10_23A	Plate_8	D02	SAI110_water_4	SAI110	21	D	water	4	2	12.29487	3.0605	5.95	0.51437
2024_10_23A	Plate_8	D03	SAI124_water_4	SAI124	16	D	water	4	1	9.72389	10.21947	15.2	0.67233
2024_10_23A	Plate_8	D04	SAI124_water_4	SAI124	16	D	water	4	2	9.88347	9.48255	15.2	0.62385
2024_10_23A	Plate_8	D05	SAI126_water_4	SAI126	15	D	water	4	1	10.11887	8.49147	7.76	1.09426
2024_10_23A	Plate_8	D06	SAI126_water_4	SAI126	15	D	water	4	2	10.20029	8.17334	7.76	1.05326
2024_10_23A	Plate_8	D07	SAI133_water_4	SAI133	16	D	water	4	1	11.14429	5.24969	8.23	0.63787
2024_10_23A	Plate_8	D08	SAI133_water_4	SAI133	16	D	water	4	2	11.21466	5.07926	8.23	0.61716
2024_10_23A	Plate_8	D09	SAI072_water_4	SAI072	8	E	water	4	1	14.75643	0.96481	12.1	0.07974
2024_10_23A	Plate_8	D10	SAI072_water_4	SAI072	8	E	water	4	2	14.70958	0.98624	12.1	0.08151
2024_10_23A	Plate_8	E01	SAI110_drought_1	SAI110	21	D	drought	1	1	15.00689	0.85789	7.48	0.11469
2024_10_23A	Plate_8	E02	SAI110_drought_1	SAI110	21	D	drought	1	2	14.86915	0.91513	7.48	0.12234
2024_10_23A	Plate_8	E03	SAI124_drought_1	SAI124	16	D	drought	1	1	14.85842	0.91975	8.1	0.11355
2024_10_23A	Plate_8	E04	SAI124_drought_1	SAI124	16	D	drought	1	2	14.84877	0.92392	8.1	0.11406
2024_10_23A	Plate_8	E05	SAI126_drought_1	SAI126	15	D	drought	1	1	15.22485	0.77453	5.18	0.14952
2024_10_23A	Plate_8	E06	SAI126_drought_1	SAI126	15	D	drought	1	2	15.19161	0.7867	5.18	0.15187
2024_10_23A	Plate_8	E07	SAI133_drought_1	SAI133	16	D	drought	1	1	14.91156	0.89711	8.83	0.1016
2024_10_23A	Plate_8	E08	SAI133_drought_1	SAI133	16	D	drought	1	2	14.83155	0.93141	8.83	0.10548
2024_10_23A	Plate_8	E09	SAI072_drought_1	SAI072	8	E	drought	1	1	13.86527	1.46537	23.5	0.06236
2024_10_23A	Plate_8	E10	SAI072_drought_1	SAI072	8	E	drought	1	2	13.97721	1.39042	23.5	0.05917
2024_10_23A	Plate_8	F01	SAI110_drought_2	SAI110	21	D	drought	2	1	12.54675	2.71951	12.8	0.21246
2024_10_23A	Plate_8	F02	SAI110_drought_2	SAI110	21	D	drought	2	2	12.58579	2.67018	12.8	0.20861
2024_10_23A	Plate_8	F03	SAI124_drought_2	SAI124	16	D	drought	2	1	11.1277	5.29068	16.6	0.31872
2024_10_23A	Plate_8	F04	SAI124_drought_2	SAI124	16	D	drought	2	2	11.24386	5.01019	16.6	0.30182
2024_10_23A	Plate_8	F05	SAI126_drought_2	SAI126	15	D	drought	2	1	15.82494	0.58454	5.36	0.10906
2024_10_23A	Plate_8	F06	SAI126_drought_2	SAI126	15	D	drought	2	2	15.76118	0.60229	5.36	0.11237
2024_10_23A	Plate_8	F07	SAI133_drought_2	SAI133	16	D	drought	2	1	12.62303	2.62395	13.2	0.19878
2024_10_23A	Plate_8	F08	SAI133_drought_2	SAI133	16	D	drought	2	2	12.59637	2.65696	13.2	0.20129
2024_10_23A	Plate_8	F09	SAI072_drought_2	SAI072	8	E	drought	2	1	14.58185	1.04712	9.91	0.10566
2024_10_23A	Plate_8	F10	SAI072_drought_2	SAI072	8	E	drought	2	2	14.50569	1.0852	9.91	0.10951
2024_10_23A	Plate_8	G01	SAI110_drought_3	SAI110	21	D	drought	3	1	13.471	1.76298	13.5	0.13059
2024_10_23A	Plate_8	G02	SAI110_drought_3	SAI110	21	D	drought	3	2	13.54022	1.70667	13.5	0.12642
2024_10_23A	Plate_8	G03	SAI124_drought_3	SAI124	16	D	drought	3	1	11.31205	4.85248	15.4	0.3151
2024_10_23A	Plate_8	G04	SAI124_drought_3	SAI124	16	D	drought	3	2	11.35182	4.76283	15.4	0.30927
2024_10_23A	Plate_8	G05	SAI126_drought_3	SAI126	15	D	drought	3	1	10.28691	7.84795	13.2	0.59454
2024_10_23A	Plate_8	G06	SAI126_drought_3	SAI126	15	D	drought	3	2	10.38217	7.50506	13.2	0.56857
2024_10_23A	Plate_8	G07	SAI133_drought_3	SAI133	16	D	drought	3	1	15.58349	0.65463	9.98	0.06559
2024_10_23A	Plate_8	G08	SAI133_drought_3	SAI133	16	D	drought	3	2	15.50985	0.67763	9.98	0.0679
2024_10_23A	Plate_8	G09	SAI072_drought_3	SAI072	8	E	drought	3	1	14.95519	0.87894	9.78	0.08987
2024_10_23A	Plate_8	G10	SAI072_drought_3	SAI072	8	E	drought	3	2	14.9047	0.9	9.78	0.09202
2024_10_23A	Plate_8	H01	SAI110_drought_4	SAI110	21	D	drought	4	1	14.77998	0.95421	11.1	0.08597
2024_10_23A	Plate_8	H02	SAI110_drought_4	SAI110	21	D	drought	4	2	14.91694	0.89485	11.1	0.08062
2024_10_23A	Plate_8	H03	SAI124_drought_4	SAI124	16	D	drought	4	1	16.00332	0.53763	6.94	0.07747
2024_10_23A	Plate_8	H04	SAI124_drought_4	SAI124	16	D	drought	4	2	16.05608	0.52449	6.94	0.07558
2024_10_23A	Plate_8	H05	SAI126_drought_4	SAI126	15	D	drought	4	1	26.98847			
2024_10_23A	Plate_8	H06	SAI126_drought_4	SAI126	15	D	drought	4	2	27.04207			
2024_10_23A	Plate_8	H07	SAI133_drought_4	SAI133	16	D	drought	4	1	13.38721	1.83364	12.2	0.1503
2024_10_23A	Plate_8	H08	SAI133_drought_4	SAI133	16	D	drought	4	2	13.15862	2.04113	12.2	0.16731
2024_10_23A	Plate_8	H09	SAI072_drought_4	SAI072	8	E	drought	4	1	16.59143	0.40804	13.5	0.03023
2024_10_23A	Plate_8	H10	SAI072_drought_4	SAI072	8	E	drought	4	2	16.59296	0.40775	13.5	0.0302
2024_10_23B	Plate_9	A01	SAI086_water_1	SAI086	8	E	water	1	1	11.96647	3.61024	20.3	0.17784
2024_10_23B	Plate_9	A02	SAI086_water_1	SAI086	8	E	water	1	2	11.90973	3.70826	20.3	0.18267
2024_10_23B	Plate_9	A03	SAI108_water_1	SAI108	4	E	water	1	1	10.63056	6.78319	21.5	0.3155
2024_10_23B	Plate_9	A04	SAI108_water_1	SAI108	4	E	water	1	2	10.65643	6.70083	21.5	0.31167
2024_10_23B	Plate_9	A05	SAI117_water_1	SAI117	16	E	water	1	1	12.64137	2.62521	17.5	0.15001
2024_10_23B	Plate_9	A06	SAI117_water_1	SAI117	16	E	water	1	2	12.66587	2.59501	17.5	0.14829
2024_10_23B	Plate_9	A07	SAI119_water_1	SAI119	15	E	water	1	1	13.09673	2.11739	14.4	0.14704
2024_10_23B	Plate_9	A08	SAI119_water_1	SAI119	15	E	water	1	2	13.0926	2.12153	14.4	0.14733
2024_10_23B	Plate_9	A09	SAI135_water_1	SAI135	16	E	water	1	1	12.82378	2.4086	21.7	0.111
2024_10_23B	Plate_9	A10	SAI135_water_1	SAI135	16	E	water	1	2	12.93801	2.28215	21.7	0.10517
2024_10_23B	Plate_9	B01	SAI086_water_2	SAI086	8	E	water	2	1	12.8558	2.37246	13	0.1825
2024_10_23B	Plate_9	B02	SAI086_water_2	SAI086	8	E	water	2	2	12.84808	2.38113	13	0.18316
2024_10_23B	Plate_9	B03	SAI108_water_2	SAI108	4	E	water	2	1	12.22869	3.18988	15.8	0.20189
2024_10_23B	Plate_9	B04	SAI108_water_2	SAI108	4	E	water	2	2	12.2121	3.21495	15.8	0.20348
2024_10_23B	Plate_9	B05	SAI117_water_2	SAI117	16	E	water	2	1	10.07541	8.81565	31.6	0.27898
2024_10_23B	Plate_9	B06	SAI117_water_2	SAI117	16	E	water	2	2	10.20099	8.30821	31.6	0.26292
2024_10_23B	Plate_9	B07	SAI119_water_2	SAI119	15	E	water	2	1	12.67521	2.58359	21.5	0.12017
2024_10_23B	Plate_9	B08	SAI119_water_2	SAI119	15	E	water	2	2	12.58344	2.69799	21.5	0.12549
2024_10_23B	Plate_9	B09	SAI135_water_2	SAI135	16	E	water	2	1	12.70324	2.54964	26.7	0.09549
2024_10_23B	Plate_9	B10	SAI135_water_2	SAI135	16	E	water	2	2	12.69922	2.55448	26.7	0.09567
2024_10_23B	Plate_9	C01	SAI086_water_3	SAI086	8	E	water	3	1	15.56281	0.66098	10.9	0.06064
2024_10_23B	Plate_9	C02	SAI086_water_3	SAI086	8	E	water	3	2	15.54749	0.66578	10.9	0.06108
2024_10_23B	Plate_9	C03	SAI108_water_3	SAI108	4	E	water	3	1	11.56365	4.36642	21	0.20792
2024_10_23B	Plate_9	C04	SAI108_water_3	SAI108	4	E	water	3	2	11.59862	4.29492	21	0.20452
2024_10_23B	Plate_9	C05	SAI117_water_3	SAI117	16	E	water	3	1	9.90898	9.53624	33.6	0.28382
2024_10_23B	Plate_9	C06	SAI117_water_3	SAI117	16	E	water	3	2	9.91342	9.51628	33.6	0.28322
2024_10_23B	Plate_9	C07	SAI119_water_3	SAI119	15	E	water	3	1	12.55224	2.73803	21.2	0.12915
2024_10_23B	Plate_9	C08	SAI119_water_3	SAI119	15	E	water	3	2	12.57345	2.71074	21.2	0.12787
2024_10_23B	Plate_9	C09	SAI135_water_3	SAI135	16	E	water	3	1	12.41305	2.92398	24.1	0.12133
2024_10_23B	Plate_9	C10	SAI135_water_3	SAI135	16	E	water	3	2	12.38632	2.96112	24.1	0.12287
2024_10_23B	Plate_9	D01	SAI086_water_4	SAI086	8	E	water	4	1	14.39514	1.14708	14.1	0.08135
2024_10_23B	Plate_9	D02	SAI086_water_4	SAI086	8	E	water	4	2	14.16372	1.2795	14.1	0.09074
2024_10_23B	Plate_9	D03	SAI108_water_4	SAI108	4	E	water	4	1	12.03251	3.49942	25.4	0.13777
2024_10_23B	Plate_9	D04	SAI108_water_4	SAI108	4	E	water	4	2	11.96448	3.61363	25.4	0.14227
2024_10_23B	Plate_9	D05	SAI117_water_4	SAI117	16	E	water	4	1	11.6235	4.24477	23.4	0.1814
2024_10_23B	Plate_9	D06	SAI117_water_4	SAI117	16	E	water	4	2	11.70397	4.08654	23.4	0.17464
2024_10_23B	Plate_9	D07	SAI119_water_4	SAI119	15	E	water	4	1	10.47264	7.30822	38.1	0.19182
2024_10_23B	Plate_9	D08	SAI119_water_4	SAI119	15	E	water	4	2	10.58325	6.9364	38.1	0.18206
2024_10_23B	Plate_9	D09	SAI135_water_4	SAI135	16	E	water	4	1	12.79228	2.44469	25.1	0.0974
2024_10_23B	Plate_9	D10	SAI135_water_4	SAI135	16	E	water	4	2	12.77324	2.46675	25.1	0.09828
2024_10_23B	Plate_9	E01	SAI086_drought_1	SAI086	8	E	drought	1	1	15.872	0.57121	33.4	0.0171
2024_10_23B	Plate_9	E02	SAI086_drought_1	SAI086	8	E	drought	1	2	16.00608	0.53617	33.4	0.01605
2024_10_23B	Plate_9	E03	SAI108_drought_1	SAI108	4	E	drought	1	1	17.27374	0.29471	23	0.01281
2024_10_23B	Plate_9	E04	SAI108_drought_1	SAI108	4	E	drought	1	2	17.28516	0.29313	23	0.01274
2024_10_23B	Plate_9	E05	SAI117_drought_1	SAI117	16	E	drought	1	1	11.60657	4.27883	27.4	0.15616
2024_10_23B	Plate_9	E06	SAI117_drought_1	SAI117	16	E	drought	1	2	11.59603	4.30018	27.4	0.15694
2024_10_23B	Plate_9	E07	SAI119_drought_1	SAI119	15	E	drought	1	1	14.6348	1.02437	24.9	0.04114
2024_10_23B	Plate_9	E08	SAI119_drought_1	SAI119	15	E	drought	1	2	14.64279	1.02051	24.9	0.04098
2024_10_23B	Plate_9	E09	SAI135_drought_1	SAI135	16	E	drought	1	1	12.83735	2.39321	31.3	0.07646
2024_10_23B	Plate_9	E10	SAI135_drought_1	SAI135	16	E	drought	1	2	12.88451	2.34052	31.3	0.07478
2024_10_23B	Plate_9	F01	SAI086_drought_2	SAI086	8	E	drought	2	1	13.81089	1.5114	24.7	0.06119
2024_10_23B	Plate_9	F02	SAI086_drought_2	SAI086	8	E	drought	2	2	13.65023	1.63049	24.7	0.06601
2024_10_23B	Plate_9	F03	SAI108_drought_2	SAI108	4	E	drought	2	1	12.59694	2.68085	29.5	0.09088
2024_10_23B	Plate_9	F04	SAI108_drought_2	SAI108	4	E	drought	2	2	12.57214	2.71243	29.5	0.09195
2024_10_23B	Plate_9	F05	SAI117_drought_2	SAI117	16	E	drought	2	1	11.72124	4.05336	24.5	0.16544
2024_10_23B	Plate_9	F06	SAI117_drought_2	SAI117	16	E	drought	2	2	11.73548	4.0262	24.5	0.16433
2024_10_23B	Plate_9	F07	SAI119_drought_2	SAI119	15	E	drought	2	1	11.25278	5.05664	48.5	0.10426
2024_10_23B	Plate_9	F08	SAI119_drought_2	SAI119	15	E	drought	2	2	11.31473	4.91089	48.5	0.10126
2024_10_23B	Plate_9	F09	SAI135_drought_2	SAI135	16	E	drought	2	1	9.38948	12.18678	51.8	0.23527
2024_10_23B	Plate_9	F10	SAI135_drought_2	SAI135	16	E	drought	2	2	9.43593	11.92243	51.8	0.23016
2024_10_23B	Plate_9	G01	SAI086_drought_3	SAI086	8	E	drought	3	1	14.15864	1.28257	30.4	0.04219
2024_10_23B	Plate_9	G02	SAI086_drought_3	SAI086	8	E	drought	3	2	14.19625	1.26	30.4	0.04145
2024_10_23B	Plate_9	G03	SAI108_drought_3	SAI108	4	E	drought	3	1	12.48844	2.82175	27.6	0.10224
2024_10_23B	Plate_9	G04	SAI108_drought_3	SAI108	4	E	drought	3	2	12.36313	2.99372	27.6	0.10847
2024_10_23B	Plate_9	G05	SAI117_drought_3	SAI117	16	E	drought	3	1	9.68607	10.59451	35.7	0.29676
2024_10_23B	Plate_9	G06	SAI117_drought_3	SAI117	16	E	drought	3	2	9.67916	10.62909	35.7	0.29773
2024_10_23B	Plate_9	G07	SAI119_drought_3	SAI119	15	E	drought	3	1	11.36694	4.79133	41.9	0.11435
2024_10_23B	Plate_9	G08	SAI119_drought_3	SAI119	15	E	drought	3	2	11.36693	4.79135	41.9	0.11435
2024_10_23B	Plate_9	G09	SAI135_drought_3	SAI135	16	E	drought	3	1	13.49814	1.75187	20.4	0.08588
2024_10_23B	Plate_9	G10	SAI135_drought_3	SAI135	16	E	drought	3	2	13.48344	1.76407	20.4	0.08647
2024_10_23B	Plate_9	H01	SAI086_drought_4	SAI086	8	E	drought	4	1	13.59887	1.67051	30.6	0.05459
2024_10_23B	Plate_9	H02	SAI086_drought_4	SAI086	8	E	drought	4	2	13.58784	1.67923	30.6	0.05488
2024_10_23B	Plate_9	H05	SAI117_drought_4	SAI117	16	E	drought	4	1	12.77463	2.46514	32.3	0.07632
2024_10_23B	Plate_9	H06	SAI117_drought_4	SAI117	16	E	drought	4	2	12.7869	2.4509	32.3	0.07588
2024_10_23B	Plate_9	H07	SAI119_drought_4	SAI119	15	E	drought	4	1	11.77941	3.94356	36.8	0.10716
2024_10_23B	Plate_9	H08	SAI119_drought_4	SAI119	15	E	drought	4	2	11.76625	3.96814	36.8	0.10783
2024_10_23B	Plate_9	H09	SAI135_drought_4	SAI135	16	E	drought	4	1	11.91587	3.69751	31.9	0.11591
2024_10_23B	Plate_9	H10	SAI135_drought_4	SAI135	16	E	drought	4	2	11.9806	3.58624	31.9	0.11242
2024_10_24	Plate_10	A01	SAI149_water_1	SAI149	15	E	water	1	1	13.12	2.78653	15.5	0.17978
2024_10_24	Plate_10	A02	SAI149_water_1	SAI149	15	E	water	1	2	13.16	2.73587	15.5	0.17651
2024_10_24	Plate_10	A03	SAI163_water_1	SAI163	4	E	water	1	1	12.84	3.27824	11.1	0.29534
2024_10_24	Plate_10	A04	SAI163_water_1	SAI163	4	E	water	1	2	12.84	3.29501	11.1	0.29685
2024_10_24	Plate_10	A05	SAI165_water_1	SAI165	4	E	water	1	1	12	5.34878	19.3	0.27714
2024_10_24	Plate_10	A06	SAI165_water_1	SAI165	4	E	water	1	2	11.91	5.62218	19.3	0.2913
2024_10_24	Plate_10	A07	SAI144_water_1	SAI144	14	F	water	1	1	13.48	2.27057	13.2	0.17201
2024_10_24	Plate_10	A08	SAI144_water_1	SAI144	14	F	water	1	2	13.23	2.62058	13.2	0.19853
2024_10_24	Plate_10	A09	SAI166_water_1	SAI166	4	F	water	1	1	15.4	0.7472	15.2	0.04916
2024_10_24	Plate_10	A10	SAI166_water_1	SAI166	4	F	water	1	2	15.53	0.69066	15.2	0.04544
2024_10_24	Plate_10	B01	SAI149_water_2	SAI149	15	E	water	2	1	10.86	10.34612	27.4	0.3776
2024_10_24	Plate_10	B02	SAI149_water_2	SAI149	15	E	water	2	2	10.81	10.6632	27.4	0.38917
2024_10_24	Plate_10	B03	SAI163_water_2	SAI163	4	E	water	2	1	13.04	2.9183	11.3	0.25826
2024_10_24	Plate_10	B04	SAI163_water_2	SAI163	4	E	water	2	2	13.19	2.68005	11.3	0.23717
2024_10_24	Plate_10	B05	SAI165_water_2	SAI165	4	E	water	2	1	14.35	1.37406	16.8	0.08179
2024_10_24	Plate_10	B06	SAI165_water_2	SAI165	4	E	water	2	2	14.35	1.37144	16.8	0.08163
2024_10_24	Plate_10	B07	SAI144_water_2	SAI144	14	F	water	2	1	12.29	4.5103	22.1	0.20409
2024_10_24	Plate_10	B08	SAI144_water_2	SAI144	14	F	water	2	2	12.36	4.33865	22.1	0.19632
2024_10_24	Plate_10	B09	SAI166_water_2	SAI166	4	F	water	2	1	11.96	5.46775	26.2	0.20869
2024_10_24	Plate_10	B10	SAI166_water_2	SAI166	4	F	water	2	2	11.77	6.10293	26.2	0.23294
2024_10_24	Plate_10	C01	SAI149_water_3	SAI149	15	E	water	3	1	12.98	3.03592	17.1	0.17754
2024_10_24	Plate_10	C02	SAI149_water_3	SAI149	15	E	water	3	2	13.02	2.96359	17.1	0.17331
2024_10_24	Plate_10	C03	SAI163_water_3	SAI163	4	E	water	3	1	13.11	2.81326	17.9	0.15717
2024_10_24	Plate_10	C04	SAI163_water_3	SAI163	4	E	water	3	2	13.12	2.79437	17.9	0.15611
2024_10_24	Plate_10	C05	SAI165_water_3	SAI165	4	E	water	3	1	13.74	1.94793	13.9	0.14014
2024_10_24	Plate_10	C06	SAI165_water_3	SAI165	4	E	water	3	2	13.72	1.968	13.9	0.14158
2024_10_24	Plate_10	C07	SAI144_water_3	SAI144	14	F	water	3	1	11.64	6.59797	21.5	0.30688
2024_10_24	Plate_10	C08	SAI144_water_3	SAI144	14	F	water	3	2	11.67	6.47077	21.5	0.30097
2024_10_24	Plate_10	C09	SAI166_water_3	SAI166	4	F	water	3	1	11.6	6.72338	24.7	0.2722
2024_10_24	Plate_10	C10	SAI166_water_3	SAI166	4	F	water	3	2	11.5	7.15453	24.7	0.28966
2024_10_24	Plate_10	D01	SAI149_water_4	SAI149	15	E	water	4	1	12.72	3.51577	16	0.21974
2024_10_24	Plate_10	D02	SAI149_water_4	SAI149	15	E	water	4	2	12.77	3.4281	16	0.21426
2024_10_24	Plate_10	D03	SAI163_water_4	SAI163	4	E	water	4	1	12.15	4.91269	14.7	0.3342
2024_10_24	Plate_10	D04	SAI163_water_4	SAI163	4	E	water	4	2	12.2	4.7488	14.7	0.32305
2024_10_24	Plate_10	D05	SAI165_water_4	SAI165	4	E	water	4	1	13.07	2.87191	12.6	0.22793
2024_10_24	Plate_10	D06	SAI165_water_4	SAI165	4	E	water	4	2	13.14	2.76324	12.6	0.2193
2024_10_24	Plate_10	D07	SAI144_water_4	SAI144	14	F	water	4	1	11.09	9.04569	21.3	0.42468
2024_10_24	Plate_10	D08	SAI144_water_4	SAI144	14	F	water	4	2	11.04	9.33995	21.3	0.4385
2024_10_24	Plate_10	D09	SAI166_water_4	SAI166	4	F	water	4	1	11.69	6.39774	25.2	0.25388
2024_10_24	Plate_10	D10	SAI166_water_4	SAI166	4	F	water	4	2	11.6	6.73628	25.2	0.26731
2024_10_24	Plate_10	E01	SAI149_drought_1	SAI149	15	E	drought	1	1	15	0.941	28.1	0.03349
2024_10_24	Plate_10	E02	SAI149_drought_1	SAI149	15	E	drought	1	2	14.98	0.95121	28.1	0.03385
2024_10_24	Plate_10	E03	SAI163_drought_1	SAI163	4	E	drought	1	1	10.29	14.3732	30.3	0.47436
2024_10_24	Plate_10	E04	SAI163_drought_1	SAI163	4	E	drought	1	2	10.27	14.58157	30.3	0.48124
2024_10_24	Plate_10	E05	SAI165_drought_1	SAI165	4	E	drought	1	1	12.68	3.60426	25.5	0.14134
2024_10_24	Plate_10	E06	SAI165_drought_1	SAI165	4	E	drought	1	2	12.8	3.36099	25.5	0.1318
2024_10_24	Plate_10	E07	SAI144_drought_1	SAI144	14	F	drought	1	1	11.63	6.63075	25.5	0.26003
2024_10_24	Plate_10	E08	SAI144_drought_1	SAI144	14	F	drought	1	2	11.56	6.88483	25.5	0.26999
2024_10_24	Plate_10	E09	SAI166_drought_1	SAI166	4	F	drought	1	1	14.03	1.65216	22.3	0.07409
2024_10_24	Plate_10	E10	SAI166_drought_1	SAI166	4	F	drought	1	2	14.06	1.62041	22.3	0.07266
2024_10_24	Plate_10	F01	SAI149_drought_2	SAI149	15	E	drought	2	1	11.69	6.39943	25.3	0.25294
2024_10_24	Plate_10	F02	SAI149_drought_2	SAI149	15	E	drought	2	2	11.74	6.21759	25.3	0.24575
2024_10_24	Plate_10	F03	SAI163_drought_2	SAI163	4	E	drought	2	1	13.01	2.96931	18.8	0.15794
2024_10_24	Plate_10	F04	SAI163_drought_2	SAI163	4	E	drought	2	2	13.12	2.79178	18.8	0.1485
2024_10_24	Plate_10	F05	SAI165_drought_2	SAI165	4	E	drought	2	1	12.36	4.35055	19.4	0.22426
2024_10_24	Plate_10	F06	SAI165_drought_2	SAI165	4	E	drought	2	2	12.28	4.54215	19.4	0.23413
2024_10_24	Plate_10	F07	SAI144_drought_2	SAI144	14	F	drought	2	1	11.51	7.10416	24.5	0.28997
2024_10_24	Plate_10	F08	SAI144_drought_2	SAI144	14	F	drought	2	2	11.21	8.46504	24.5	0.34551
2024_10_24	Plate_10	F09	SAI166_drought_2	SAI166	4	F	drought	2	1	12.12	4.9765	37.5	0.13271
2024_10_24	Plate_10	F10	SAI166_drought_2	SAI166	4	F	drought	2	2	12.37	4.32169	37.5	0.11525
2024_10_24	Plate_10	G01	SAI149_drought_3	SAI149	15	E	drought	3	1	12.54	3.91046	28.3	0.13818
2024_10_24	Plate_10	G02	SAI149_drought_3	SAI149	15	E	drought	3	2	12.57	3.84786	28.3	0.13597
2024_10_24	Plate_10	G03	SAI163_drought_3	SAI163	4	E	drought	3	1	11.57	6.86397	25.9	0.26502
2024_10_24	Plate_10	G04	SAI163_drought_3	SAI163	4	E	drought	3	2	11.55	6.9356	25.9	0.26778
2024_10_24	Plate_10	G05	SAI165_drought_3	SAI165	4	E	drought	3	1	13.7	1.99108	24.7	0.08061
2024_10_24	Plate_10	G06	SAI165_drought_3	SAI165	4	E	drought	3	2	13.67	2.02569	24.7	0.08201
2024_10_24	Plate_10	G07	SAI144_drought_3	SAI144	14	F	drought	3	1	10.03	16.70627	36.8	0.45397
2024_10_24	Plate_10	G08	SAI144_drought_3	SAI144	14	F	drought	3	2	9.98	17.21992	36.8	0.46793
2024_10_24	Plate_10	G09	SAI166_drought_3	SAI166	4	F	drought	3	1	12.6	3.78553	36.3	0.10428
2024_10_24	Plate_10	G10	SAI166_drought_3	SAI166	4	F	drought	3	2	12.62	3.73915	36.3	0.10301
2024_10_24	Plate_10	H01	SAI149_drought_4	SAI149	15	E	drought	4	1	13.12	2.80171	29.8	0.09402
2024_10_24	Plate_10	H02	SAI149_drought_4	SAI149	15	E	drought	4	2	13.1	2.82448	29.8	0.09478
2024_10_24	Plate_10	H03	SAI163_drought_4	SAI163	4	E	drought	4	1	9.85	18.53163	29.5	0.62819
2024_10_24	Plate_10	H04	SAI163_drought_4	SAI163	4	E	drought	4	2	9.84	18.69411	29.5	0.6337
2024_10_24	Plate_10	H05	SAI165_drought_4	SAI165	4	E	drought	4	1	14.56	1.21441	23.6	0.05146
2024_10_24	Plate_10	H06	SAI165_drought_4	SAI165	4	E	drought	4	2	14.55	1.22266	23.6	0.05181
2024_10_24	Plate_10	H07	SAI144_drought_4	SAI144	14	F	drought	4	1	11.75	6.18286	10.5	0.58884
2024_10_24	Plate_10	H08	SAI144_drought_4	SAI144	14	F	drought	4	2	11.64	6.59757	10.5	0.62834
2024_10_24	Plate_10	H09	SAI166_drought_4	SAI166	4	F	drought	4	1	13.19	2.67579	28.9	0.09259
2024_10_24	Plate_10	H10	SAI166_drought_4	SAI166	4	F	drought	4	2	13.25	2.59458	28.9	0.08978
2024_10_25A	Plate_11	A01	SAI211_water_1	SAI211	0	G	water	1	1	13.43213	1.87254	10.5	0.17834
2024_10_25A	Plate_11	A02	SAI211_water_1	SAI211	0	G	water	1	2	13.23882	2.07538	10.5	0.19766
2024_10_25A	Plate_11	A03	SAI218_water_1	SAI218	16	G	water	1	1	12.47692	3.11275	17.1	0.18203
2024_10_25A	Plate_11	A04	SAI218_water_1	SAI218	16	G	water	1	2	12.47388	3.11778	17.1	0.18233
2024_10_25A	Plate_11	B01	SAI211_water_2	SAI211	0	G	water	2	1	14.186	1.25383	14.4	0.08707
2024_10_25A	Plate_11	B02	SAI211_water_2	SAI211	0	G	water	2	2	14.38574	1.12743	14.4	0.07829
2024_10_25A	Plate_11	B03	SAI218_water_2	SAI218	16	G	water	2	1	12.60837	2.90249	21	0.13821
2024_10_25A	Plate_11	B04	SAI218_water_2	SAI218	16	G	water	2	2	12.62026	2.88419	21	0.13734
2024_10_25A	Plate_11	C01	SAI211_water_3	SAI211	0	G	water	3	1	12.71259	2.74594	12.7	0.21622
2024_10_25A	Plate_11	C02	SAI211_water_3	SAI211	0	G	water	3	2	12.71008	2.74961	12.7	0.2165
2024_10_25A	Plate_11	C03	SAI218_water_3	SAI218	16	G	water	3	1	10.81379	7.54103	26.3	0.28673
2024_10_25A	Plate_11	C04	SAI218_water_3	SAI218	16	G	water	3	2	10.8565	7.3716	26.3	0.28029
2024_10_25A	Plate_11	D01	SAI211_water_4	SAI211	0	G	water	4	1	13.19509	2.12423	18.2	0.11672
2024_10_25A	Plate_11	D02	SAI211_water_4	SAI211	0	G	water	4	2	13.07681	2.26221	18.2	0.1243
2024_10_25A	Plate_11	D03	SAI218_water_4	SAI218	16	G	water	4	1	14.27575	1.19537	16.1	0.07425
2024_10_25A	Plate_11	D04	SAI218_water_4	SAI218	16	G	water	4	2	14.13019	1.29163	16.1	0.08023
2024_10_25A	Plate_11	E01	SAI211_drought_1	SAI211	0	G	drought	1	1	15.89777	0.50433	22.4	0.02251
2024_10_25A	Plate_11	E02	SAI211_drought_1	SAI211	0	G	drought	1	2	15.83072	0.52265	22.4	0.02333
2024_10_25A	Plate_11	E03	SAI218_drought_1	SAI218	16	G	drought	1	1	11.33459	5.716	27.5	0.20785
2024_10_25A	Plate_11	E04	SAI218_drought_1	SAI218	16	G	drought	1	2	11.4045	5.50732	27.5	0.20027
2024_10_25A	Plate_11	F01	SAI211_drought_2	SAI211	0	G	drought	2	1	14.29846	1.18102	24	0.04921
2024_10_25A	Plate_11	F02	SAI211_drought_2	SAI211	0	G	drought	2	2	14.28929	1.18679	24	0.04945
2024_10_25A	Plate_11	F03	SAI218_drought_2	SAI218	16	G	drought	2	1	12.07633	3.85218	25.3	0.15226
2024_10_25A	Plate_11	F04	SAI218_drought_2	SAI218	16	G	drought	2	2	12.00309	4.00523	25.3	0.15831
2024_10_25A	Plate_11	G01	SAI211_drought_3	SAI211	0	G	drought	3	1	12.34297	3.34268	26.3	0.1271
2024_10_25A	Plate_11	G02	SAI211_drought_3	SAI211	0	G	drought	3	2	12.11807	3.76758	26.3	0.14325
2024_10_25A	Plate_11	G03	SAI218_drought_3	SAI218	16	G	drought	3	1	13.2738	2.03712	26.5	0.07687
2024_10_25A	Plate_11	G04	SAI218_drought_3	SAI218	16	G	drought	3	2	13.14284	2.18411	26.5	0.08242
2024_10_25A	Plate_11	H01	SAI211_drought_4	SAI211	0	G	drought	4	1	13.73475	1.59407	24.3	0.0656
2024_10_25A	Plate_11	H02	SAI211_drought_4	SAI211	0	G	drought	4	2	13.2626	2.04929	24.3	0.08433
2024_10_25A	Plate_11	H03	SAI218_drought_4	SAI218	16	G	drought	4	1	15.38412	0.66283	21.7	0.03055
2024_10_25A	Plate_11	H04	SAI218_drought_4	SAI218	16	G	drought	4	2	15.38134	0.66381	21.7	0.03059
2024_10_25B	Plate_12	A01	SAI168_water_1	SAI168	16	F	water	1	1	12.69837	3.11303	20.7	0.15039
2024_10_25B	Plate_12	A02	SAI168_water_1	SAI168	16	F	water	1	2	12.70051	3.10932	20.7	0.15021
2024_10_25B	Plate_12	A03	SAI190_water_1	SAI190	0	F	water	1	1	11.66597	5.53132	20.3	0.27248
2024_10_25B	Plate_12	A04	SAI190_water_1	SAI190	0	F	water	1	2	11.6408	5.60939	20.3	0.27632
2024_10_25B	Plate_12	A05	SAI195_water_1	SAI195	4	F	water	1	1	17.16241	0.25926	12.2	0.02125
2024_10_25B	Plate_12	A06	SAI195_water_1	SAI195	4	F	water	1	2	17.03581	0.27819	12.2	0.0228
2024_10_25B	Plate_12	A07	SAI173_water_1	SAI173	8	G	water	1	1	12.02421	4.53109	34.3	0.1321
2024_10_25B	Plate_12	A08	SAI173_water_1	SAI173	8	G	water	1	2	12.08102	4.39001	34.3	0.12799
2024_10_25B	Plate_12	A09	SAI175_water_1	SAI175	21	G	water	1	1	12.89629	2.78821	26.4	0.10561
2024_10_25B	Plate_12	A10	SAI175_water_1	SAI175	21	G	water	1	2	13.11541	2.46797	26.4	0.09348
2024_10_25B	Plate_12	B01	SAI168_water_2	SAI168	16	F	water	2	1	11.10354	7.56537	24.9	0.30383
2024_10_25B	Plate_12	B02	SAI168_water_2	SAI168	16	F	water	2	2	11.04129	7.83219	24.9	0.31455
2024_10_25B	Plate_12	B03	SAI190_water_2	SAI190	0	F	water	2	1	11.67993	5.4885	20.8	0.26387
2024_10_25B	Plate_12	B04	SAI190_water_2	SAI190	0	F	water	2	2	11.66361	5.53859	20.8	0.26628
2024_10_25B	Plate_12	B05	SAI195_water_2	SAI195	4	F	water	2	1	10.75373	9.19217	26.8	0.34299
2024_10_25B	Plate_12	B06	SAI195_water_2	SAI195	4	F	water	2	2	10.72856	9.32189	26.8	0.34783
2024_10_25B	Plate_12	B07	SAI173_water_2	SAI173	8	G	water	2	1	11.6346	5.62877	33.9	0.16604
2024_10_25B	Plate_12	B08	SAI173_water_2	SAI173	8	G	water	2	2	11.67892	5.49157	33.9	0.16199
2024_10_25B	Plate_12	B09	SAI175_water_2	SAI175	21	G	water	2	1	12.39869	3.67832	26	0.14147
2024_10_25B	Plate_12	B10	SAI175_water_2	SAI175	21	G	water	2	2	12.29979	3.88654	26	0.14948
2024_10_25B	Plate_12	C01	SAI168_water_3	SAI168	16	F	water	3	1	13.49341	1.99957	16.4	0.12192
2024_10_25B	Plate_12	C02	SAI168_water_3	SAI168	16	F	water	3	2	13.50117	1.99094	16.4	0.1214
2024_10_25B	Plate_12	C03	SAI190_water_3	SAI190	0	F	water	3	1	11.30669	6.75626	24	0.28151
2024_10_25B	Plate_12	C04	SAI190_water_3	SAI190	0	F	water	3	2	11.23488	7.03187	24	0.29299
2024_10_25B	Plate_12	C05	SAI195_water_3	SAI195	4	F	water	3	1	11.67287	5.51011	22	0.25046
2024_10_25B	Plate_12	C06	SAI195_water_3	SAI195	4	F	water	3	2	11.70294	5.41862	22	0.2463
2024_10_25B	Plate_12	C07	SAI173_water_3	SAI173	8	G	water	3	1	11.04492	7.81636	30.3	0.25797
2024_10_25B	Plate_12	C08	SAI173_water_3	SAI173	8	G	water	3	2	11.09128	7.61716	30.3	0.25139
2024_10_25B	Plate_12	C09	SAI175_water_3	SAI175	21	G	water	3	1	12.61263	3.26525	23.9	0.13662
2024_10_25B	Plate_12	C10	SAI175_water_3	SAI175	21	G	water	3	2	12.67368	3.15612	23.9	0.13206
2024_10_25B	Plate_12	D01	SAI168_water_4	SAI168	16	F	water	4	1	11.85795	4.97056	18.2	0.27311
2024_10_25B	Plate_12	D02	SAI168_water_4	SAI168	16	F	water	4	2	11.75367	5.26772	18.2	0.28944
2024_10_25B	Plate_12	D03	SAI190_water_4	SAI190	0	F	water	4	1	12.72206	3.07224	21.5	0.14289
2024_10_25B	Plate_12	D04	SAI190_water_4	SAI190	0	F	water	4	2	12.78028	2.97425	21.5	0.13834
2024_10_25B	Plate_12	D05	SAI195_water_4	SAI195	4	F	water	4	1	10.87464	8.59367	26.9	0.31947
2024_10_25B	Plate_12	D06	SAI195_water_4	SAI195	4	F	water	4	2	10.87658	8.58444	26.9	0.31912
2024_10_25B	Plate_12	D07	SAI173_water_4	SAI173	8	G	water	4	1	11.75074	5.2763	32.5	0.16235
2024_10_25B	Plate_12	D08	SAI173_water_4	SAI173	8	G	water	4	2	11.81586	5.08842	32.5	0.15657
2024_10_25B	Plate_12	D09	SAI175_water_4	SAI175	21	G	water	4	1	12.47399	3.52728	26.4	0.13361
2024_10_25B	Plate_12	D10	SAI175_water_4	SAI175	21	G	water	4	2	12.38141	3.71388	26.4	0.14068
2024_10_25B	Plate_12	E01	SAI168_drought_1	SAI168	16	F	drought	1	1	13.57793	1.90765	24.1	0.07916
2024_10_25B	Plate_12	E02	SAI168_drought_1	SAI168	16	F	drought	1	2	13.44802	2.05074	24.1	0.08509
2024_10_25B	Plate_12	E03	SAI190_drought_1	SAI190	0	F	drought	1	1	14.36501	1.23076	22.7	0.05422
2024_10_25B	Plate_12	E04	SAI190_drought_1	SAI190	0	F	drought	1	2	14.28695	1.28544	22.7	0.05663
2024_10_25B	Plate_12	E05	SAI195_drought_1	SAI195	4	F	drought	1	1	15.54824	0.63688	21.3	0.0299
2024_10_25B	Plate_12	E06	SAI195_drought_1	SAI195	4	F	drought	1	2	15.46971	0.66534	21.3	0.03124
2024_10_25B	Plate_12	E07	SAI173_drought_1	SAI173	8	G	drought	1	1	14.59922	1.08029	25.9	0.04171
2024_10_25B	Plate_12	E08	SAI173_drought_1	SAI173	8	G	drought	1	2	14.55397	1.10785	25.9	0.04277
2024_10_25B	Plate_12	E09	SAI175_drought_1	SAI175	21	G	drought	1	1	15.14674	0.79642	24.3	0.03277
2024_10_25B	Plate_12	E10	SAI175_drought_1	SAI175	21	G	drought	1	2	15.45548	0.67064	24.3	0.0276
2024_10_25B	Plate_12	F01	SAI168_drought_2	SAI168	16	F	drought	2	1	11.47234	6.16098	35.7	0.17258
2024_10_25B	Plate_12	F02	SAI168_drought_2	SAI168	16	F	drought	2	2	11.48542	6.11629	35.7	0.17132
2024_10_25B	Plate_12	F03	SAI190_drought_2	SAI190	0	F	drought	2	1	13.15295	2.41692	24.4	0.09905
2024_10_25B	Plate_12	F04	SAI190_drought_2	SAI190	0	F	drought	2	2	13.17719	2.38452	24.4	0.09773
2024_10_25B	Plate_12	F05	SAI195_drought_2	SAI195	4	F	drought	2	1	11.20863	7.1354	32.6	0.21888
2024_10_25B	Plate_12	F06	SAI195_drought_2	SAI195	4	F	drought	2	2	11.2798	6.85817	32.6	0.21037
2024_10_25B	Plate_12	F07	SAI173_drought_2	SAI173	8	G	drought	2	1	13.28583	2.24455	23.5	0.09551
2024_10_25B	Plate_12	F08	SAI173_drought_2	SAI173	8	G	drought	2	2	13.18228	2.37777	23.5	0.10118
2024_10_25B	Plate_12	F09	SAI175_drought_2	SAI175	21	G	drought	2	1	12.64862	3.20048	33.3	0.09611
2024_10_25B	Plate_12	F10	SAI175_drought_2	SAI175	21	G	drought	2	2	12.64999	3.19804	33.3	0.09604
2024_10_25B	Plate_12	G01	SAI168_drought_3	SAI168	16	F	drought	3	1	11.95032	4.72138	35.2	0.13413
2024_10_25B	Plate_12	G02	SAI168_drought_3	SAI168	16	F	drought	3	2	11.81982	5.07723	35.2	0.14424
2024_10_25B	Plate_12	G03	SAI190_drought_3	SAI190	0	F	drought	3	1	15.92636	0.51597	20.6	0.02505
2024_10_25B	Plate_12	G04	SAI190_drought_3	SAI190	0	F	drought	3	2	15.90694	0.52158	20.6	0.02532
2024_10_25B	Plate_12	G05	SAI195_drought_3	SAI195	4	F	drought	3	1	9.88285	14.92808	44.8	0.33322
2024_10_25B	Plate_12	G06	SAI195_drought_3	SAI195	4	F	drought	3	2	9.98761	14.08227	44.8	0.31434
2024_10_25B	Plate_12	G07	SAI173_drought_3	SAI173	8	G	drought	3	1	12.95395	2.70012	33.6	0.08036
2024_10_25B	Plate_12	G08	SAI173_drought_3	SAI173	8	G	drought	3	2	13.82714	1.66049	33.6	0.04942
2024_10_25B	Plate_12	G09	SAI175_drought_3	SAI175	21	G	drought	3	1	13.03355	2.58305	32.2	0.08022
2024_10_25B	Plate_12	G10	SAI175_drought_3	SAI175	21	G	drought	3	2	13.07017	2.53093	32.2	0.0786
2024_10_25B	Plate_12	H01	SAI168_drought_4	SAI168	16	F	drought	4	1	11.66472	5.53516	28	0.19768
2024_10_25B	Plate_12	H02	SAI168_drought_4	SAI168	16	F	drought	4	2	12.05863	4.44507	28	0.15875
2024_10_25B	Plate_12	H03	SAI190_drought_4	SAI190	0	F	drought	4	1	15.60984	0.61541	25.8	0.02385
2024_10_25B	Plate_12	H04	SAI190_drought_4	SAI190	0	F	drought	4	2	15.60053	0.61861	25.8	0.02398
2024_10_25B	Plate_12	H05	SAI195_drought_4	SAI195	4	F	drought	4	1	13.73152	1.75129	27.6	0.06345
2024_10_25B	Plate_12	H06	SAI195_drought_4	SAI195	4	F	drought	4	2	13.75275	1.73071	27.6	0.06271
2024_10_25B	Plate_12	H07	SAI173_drought_4	SAI173	8	G	drought	4	1	13.54624	1.9416	28.4	0.06837
2024_10_25B	Plate_12	H08	SAI173_drought_4	SAI173	8	G	drought	4	2	13.51675	1.97375	28.4	0.0695
2024_10_25B	Plate_12	H09	SAI175_drought_4	SAI175	21	G	drought	4	1	12.62721	3.23885	31	0.10448
2024_10_25B	Plate_12	H10	SAI175_drought_4	SAI175	21	G	drought	4	2	12.65742	3.18482	31	0.10274